Hospital type,Canton,street_number,zip,city,Amb,Stat,Number of outpatient consultations,Number of delivery rooms,Number of healthy newborns (inpatient treatment),MRI,CT,PET,CC,LB,Lito,Angio,Dia,lat,lng
Hospital lvl2 major cantonal hospital,AG,Tellstrasse 25,5000.0,Aarau,1.0,1.0,534056,5,1757.0,1,1,1,1,1,1,1,1,47.3923,8.0446
Hospital lvl2 major cantonal hospital,AG,Im Ergel,5404.0,Baden,1.0,1.0,244374,6,1485.0,1,1,1,1,1,1,1,1,47.4729,8.308
Hospital lvl2 major cantonal hospital,AG,Schänisweg 1,5000.0,Aarau,1.0,1.0,48864,2,648.0,1,1,0,0,1,0,1,1,47.3923,8.0446
Hospital lvl3 General Hospitals 9K-30K beds,AG,Riburgerstrasse 12,4310.0,Rheinfelden,1.0,1.0,65882,2,432.0,1,1,0,0,0,0,0,0,47.5539,7.7958
Hospital lvl3 General Hospitals 9K-30K beds,AG,Spitalstrasse 144,5630.0,Muri AG,1.0,1.0,90591,2,536.0,1,1,0,0,0,0,0,1,,
Hospital lvl4 General Hospitals 6K-9K beds,AG,Mühlethalstrasse 27,4800.0,Zofingen,1.0,1.0,49559,0,0.0,1,1,0,0,0,0,0,0,47.2884,7.9475
Hospital lvl4 General Hospitals 6K-9K beds,AG,Kommendeweg 12,5316.0,Leuggern,1.0,1.0,9713,3,759.0,,,,,,,,,47.5819,8.2194
Hospital lvl4 General Hospitals 6K-9K beds,AG,Spitalstrasse 1,5737.0,Menziken,1.0,1.0,12734,0,0.0,0,1,0,0,0,0,0,0,47.24,8.1917
Psychiatric hospital lvl1,AG,Königsfelderstrasse 1,5210.0,Windisch,1.0,1.0,115747,0,0.0,,,,,,,,,47.4803,8.2222
Psychiatric hospital lvl2,AG,Bahnhofstrasse 19,4310.0,Rheinfelden,1.0,1.0,25332,0,0.0,,,,,,,,,47.5539,7.7958
Psychiatric hospital lvl2,AG,Hasel 837,5728.0,Gontenschwil,1.0,1.0,9886,0,0.0,,,,,,,,,47.2733,8.1472
Psychiatric hospital lvl2,AG,Zürcherstrasse 52,5432.0,Neuenhof,1.0,1.0,950,0,0.0,,,,,,,,,47.4469,8.3292
Psychiatric hospital lvl2,AG,Badstrasse 33,5330.0,Bad Zurzach,1.0,1.0,5862,0,0.0,,,,,,,,,47.5872,8.2944
Rehabilitation clinic,AG,Quellenstrasse 34,5330.0,Bad Zurzach,1.0,1.0,40882,0,0.0,,,,,,,,,47.5872,8.2944
Rehabilitation clinic,AG,Salinenstrasse 98,4310.0,Rheinfelden,1.0,1.0,75514,0,0.0,,,,,,,,,47.5539,7.7958
Rehabilitation clinic,AG,,5017.0,Barmelweid,1.0,1.0,18165,0,0.0,,,,,,,,,,
Rehabilitation clinic,AG,Mutschellenstrasse 2,5454.0,Bellikon,1.0,1.0,9957,0,0.0,1,1,0,0,0,0,0,0,47.3891,8.3436
Rehabilitation clinic,AG,Badstrasse 55,5116.0,Schinznach Bad,1.0,1.0,23349,0,0.0,,,,,,,,,47.4497,8.1694
Rehabilitation clinic,AG,Bäderstrasse 16,5401.0,Baden,1.0,1.0,5911,0,0.0,,,,,,,,,47.4729,8.308
Rehabilitation clinic,AG,Badstrasse 50,5116.0,Schinznach Bad,1.0,1.0,10906,0,0.0,,,,,,,,,47.4497,8.1694
Rehabilitation clinic,AG,Roberstenstrasse 31,4310.0,Rheinfelden,1.0,1.0,132616,0,0.0,,,,,,,,,47.5539,7.7958
clinic: Miscellaneous,AG,Bernstrasse 84,4852.0,Rothrist,1.0,1.0,926,2,367.0,,,,,,,,,47.3028,7.8833
Hospital lvl5 General Hospitals 3K-6K beds,AI,Sonnhalde 2,9050.0,Appenzell,1.0,1.0,5341,0,0.0,,,,,,,,,47.3306,9.4086
Rehabilitation clinic,AI,Im Park 1,9057.0,Weissbad,0.0,1.0,0,0,0.0,,,,,,,,,,
Hospital lvl3 General Hospitals 9K-30K beds,AR,Krombach 3,9100.0,Herisau,1.0,1.0,47863,8,1004.0,0,1,0,0,0,0,1,1,47.3851,9.2786
Psychiatric hospital lvl2,AR,Krombach 3,9100.0,Herisau,1.0,1.0,7703,0,0.0,,,,,,,,,47.3851,9.2786
Rehabilitation clinic,AR,Gäbrisstrasse 1172,9056.0,Gais,1.0,1.0,1704,0,0.0,,,,,,,,,47.3606,9.4511
Rehabilitation clinic,AR,Dorf,9428.0,Walzenhausen,1.0,1.0,4343,0,0.0,,,,,,,,,47.4511,9.6014
clinic: Surgery,AR,Vögelinsegg 5,9042.0,Speicher,1.0,1.0,10102,0,0.0,,,,,,,,,47.4106,9.4433
clinic: Surgery,AR,Hasenbühlstrasse 11,9410.0,Heiden,1.0,1.0,3044,0,0.0,,,,,,,,,47.4411,9.5311
Hospital lvl1 university hospital,BE,Freiburgstrasse 18,3010.0,Bern,1.0,1.0,740996,5,1428.0,1,1,1,1,1,1,1,1,46.948,7.4474
Hospital lvl2 major cantonal hospital,BE,Bremgartenstrasse 117,3012.0,Bern,1.0,1.0,182062,6,1980.0,1,1,0,1,1,1,1,1,46.948,7.4474
Hospital lvl2 major cantonal hospital,BE,Freiburgstrasse 18,3010.0,Bern,1.0,1.0,124138,3,382.0,1,1,0,0,0,0,0,1,46.948,7.4474
Hospital lvl2 major cantonal hospital,BE,Krankenhausstrasse 12,3600.0,Thun,1.0,1.0,226964,4,1042.0,1,1,0,0,0,0,1,1,46.759,7.63
Hospital lvl2 major cantonal hospital,BE,Schänzlihalde 11,3013.0,Bern,1.0,1.0,77964,4,983.0,1,1,0,0,0,0,1,1,46.948,7.4474
Hospital lvl2 major cantonal hospital,BE,Vogelsang 84,2502.0,Biel,1.0,1.0,137168,5,838.0,1,1,0,0,0,1,1,1,,
Hospital lvl2 major cantonal hospital,BE,Oberburgstrasse 54,3400.0,Burgdorf,1.0,1.0,172760,3,684.0,1,1,0,0,0,0,1,1,47.0567,7.6264
Hospital lvl2 major cantonal hospital,BE,Weissenaustrasse 27,3800.0,Unterseen,1.0,1.0,62126,4,521.0,1,1,0,0,0,0,0,1,46.6872,7.8497
Hospital lvl3 General Hospitals 9K-30K beds,BE,St. Urbanstrasse 67,4900.0,Langenthal,1.0,1.0,204565,4,648.0,1,1,0,0,0,0,0,1,47.2153,7.7889
Hospital lvl3 General Hospitals 9K-30K beds,BE,Les Fontenayes 17,2610.0,St­Imier,1.0,1.0,105071,2,329.0,1,1,0,0,0,0,0,0,,
Hospital lvl3 General Hospitals 9K-30K beds,BE,Blumenrain 105,2503.0,Biel,1.0,1.0,39962,2,716.0,1,1,0,1,0,0,1,0,,
Hospital lvl4 General Hospitals 6K-9K beds,BE,Worbstrasse 316,3073.0,Gümligen,1.0,1.0,29040,0,0.0,,,,,,,,,,
Hospital lvl5 General Hospitals 3K-6K beds,BE,Beausite 49,2740.0,Moutier,1.0,1.0,37809,0,0.0,0,0,0,0,0,0,0,1,47.2803,7.3708
Hospital lvl5 General Hospitals 3K-6K beds,BE,Schänzlistrasse 15,3013.0,Bern,0.0,1.0,0,0,0.0,,,,,,,,,46.948,7.4474
Psychiatric hospital lvl1,BE,Bolligenstrasse 111,3072.0,Ostermundigen,1.0,1.0,58513,0,0.0,,,,,,,,,46.9553,7.4833
Psychiatric hospital lvl1,BE,Hunzigenallee 1,3110.0,Münsingen,1.0,1.0,11157,0,0.0,,,,,,,,,,
Psychiatric hospital lvl1,BE,Willigen,3860.0,Meiringen,1.0,1.0,8370,0,0.0,,,,,,,,,46.7283,8.1861
Psychiatric hospital lvl2,BE,Fellenbergstrasse 32,3053.0,Münchenbuchsee,1.0,1.0,18140,0,0.0,,,,,,,,,,
Psychiatric hospital lvl2,BE,Südhang 1,3038.0,Kirchlindach,1.0,1.0,6655,0,0.0,,,,,,,,,47.0,7.4111
Psychiatric hospital lvl2,BE,Weissensteinstrasse 30,4900.0,Langenthal,1.0,1.0,17244,0,0.0,,,,,,,,,47.2153,7.7889
Psychiatric hospital lvl2,BE,Waldrandweg 19,3360.0,Herzogenbuchsee,1.0,1.0,779,0,0.0,,,,,,,,,47.1884,7.7062
Psychiatric hospital lvl2,BE,Emmentalstrasse 8,3400.0,Burgdorf,1.0,1.0,3048,0,0.0,,,,,,,,,47.0567,7.6264
Psychiatric hospital lvl2,BE,Bühlstrasse 19a,3012.0,Bern,1.0,1.0,2293,0,0.0,,,,,,,,,46.948,7.4474
Rehabilitation clinic,BE,Schwendi 303,3625.0,Heiligenschwendi,1.0,1.0,170,0,0.0,,,,,,,,,,
Rehabilitation clinic,BE,Bethesda 8,3233.0,Tschugg,1.0,1.0,692,0,0.0,,,,,,,,,,
Rehabilitation clinic,BE,Schönbergstrasse 40,3654.0,Gunten,1.0,1.0,5844,0,0.0,,,,,,,,,,
Rehabilitation clinic,BE,Postgasse 56,3011.0,Bern,1.0,1.0,3227,0,0.0,,,,,,,,,46.948,7.4474
Rehabilitation clinic,BE,Laueli 89b,6083.0,Hasliberg Hohfluh,1.0,1.0,5887,0,0.0,,,,,,,,,,
Rehabilitation clinic,BE,Panoramastrasse 20,3854.0,Oberried am Brienzersee,1.0,1.0,1876,0,0.0,,,,,,,,,,
clinic: Surgery,BE,Worbstrasse 316,3073.0,Gümligen,1.0,1.0,2855,0,0.0,,,,,,,,,,
clinic: Surgery,BE,Hohmadstrasse 1,3600.0,Thun,1.0,1.0,4398,0,0.0,,,,,,,,,46.759,7.63
clinic: Gynecology / Neonatology,BE,Oberdorfstrasse 56,3072.0,Ostermundigen,1.0,1.0,4087,2,289.0,,,,,,,,,46.9553,7.4833
clinic: Gynecology / Neonatology,BE,Eggetlistrasse 5a,3770.0,Zweisimmen,1.0,1.0,976,1,78.0,,,,,,,,,46.5497,7.3664
Hospital lvl2 major cantonal hospital,BL,Mühlemattstrasse 26,4410.0,Liestal,1.0,1.0,245931,3,469.0,1,1,1,1,0,0,1,1,47.4839,7.735
Hospital lvl5 General Hospitals 3K-6K beds,BL,Pfeffingerweg 1,4144.0,Arlesheim,1.0,1.0,61144,0,0.0,,,,,,,,,47.4922,7.6203
Hospital lvl5 General Hospitals 3K-6K beds,BL,Stollenrain 12,4144.0,Arlesheim,1.0,1.0,64,0,0.0,,,,,,,,,47.4922,7.6203
Psychiatric hospital lvl1,BL,Bienentalstrasse 7,4410.0,Liestal,1.0,1.0,66566,0,0.0,,,,,,,,,47.4839,7.735
Psychiatric hospital lvl2,BL,Gstadstrasse 42,4153.0,Reinach BL,0.0,1.0,0,0,0.0,,,,,,,,,,
clinic: Surgery,BL,Reinacherstrasse 28,4142.0,Münchenstein,1.0,1.0,67954,0,0.0,1,1,0,0,0,0,0,0,47.5186,7.6174
clinic: Surgery,BL,Kriegackerstrasse 100,4132.0,Muttenz,1.0,1.0,68596,0,0.0,,,,,,,,,47.5228,7.6452
clinic: Gynecology / Neonatology,BL,Unterdorfstrasse 25,4443.0,Wittinsburg,1.0,1.0,656,2,72.0,,,,,,,,,,
clinic: Gynecology / Neonatology,BL,Hauptstrasse 26,4133.0,Pratteln,1.0,1.0,390,1,57.0,,,,,,,,,47.5185,7.6928
clinic: Miscellaneous,BL,Hammerstrasse 35,4410.0,Liestal,1.0,1.0,241,0,0.0,,,,,,,,,47.4839,7.735
clinic: Miscellaneous,BL,Hauptstrasse 55,4102.0,Binningen,0.0,1.0,0,0,0.0,,,,,,,,,47.5333,7.5667
Hospital lvl1 university hospital,BS,Hebelstrasse 32,4031.0,Basel,1.0,1.0,599476,8,2394.0,1,1,1,1,1,0,1,1,47.5606,7.5906
Hospital lvl2 major cantonal hospital,BS,Kleinriehenstrasse 30,4058.0,Basel,1.0,1.0,42249,0,0.0,1,1,1,1,1,0,0,0,47.5606,7.5906
Hospital lvl3 General Hospitals 9K-30K beds,BS,Gellertstrasse 144,4052.0,Basel,1.0,1.0,121473,4,1805.0,1,1,0,0,0,0,0,1,47.5606,7.5906
Psychiatric hospital lvl1,BS,Wilhelm­Klein­Strasse 27,4056.0,Basel,1.0,1.0,233244,0,0.0,,,,,,,,,47.5606,7.5906
Psychiatric hospital lvl2,BS,Gänshaldenweg 22,4125.0,Riehen,1.0,1.0,9696,0,0.0,,,,,,,,,47.5794,7.6512
Rehabilitation clinic,BS,Im Burgfelderhof 40,4055.0,Basel,1.0,1.0,5326,0,0.0,,,,,,,,,47.5606,7.5906
clinic: Surgery,BS,Föhrenstrasse 2,4054.0,Basel,1.0,1.0,36104,0,0.0,1,1,0,0,0,0,1,0,47.5606,7.5906
clinic: Gynecology / Neonatology,BS,Klybeckstrasse 64/70,4057.0,Basel,1.0,1.0,230,2,123.0,,,,,,,,,47.5606,7.5906
clinic: Gynecology / Neonatology,BS,Schweizergasse 8,4054.0,Basel,1.0,1.0,342,0,0.0,,,,,,,,,47.5606,7.5906
clinic: Pediatrics,BS,Spitalstrasse 33,4056.0,Basel,1.0,1.0,101675,0,85.0,1,1,0,0,0,0,0,0,47.5606,7.5906
clinic: Geriatrics,BS,Burgfelderstrasse 101,4055.0,Basel,1.0,1.0,25385,0,0.0,0,1,0,0,0,0,0,0,47.5606,7.5906
clinic: Geriatrics,BS,Mittlere Strasse 15,4056.0,Basel,1.0,1.0,5960,0,0.0,,,,,,,,,47.5606,7.5906
clinic: Miscellaneous,BS,St. Alban­Ring 151,4052.0,Basel,0.0,1.0,0,0,0.0,,,,,,,,,47.5606,7.5906
clinic: Miscellaneous,BS,Hirschgässlein 11,4051.0,Basel,1.0,1.0,23587,0,0.0,0,1,0,0,0,0,0,0,47.5606,7.5906
Hospital lvl2 major cantonal hospital,FR,Case postale,1708.0,Fribourg,1.0,1.0,526687,4,939.0,1,1,1,1,1,0,1,1,46.8,7.15
Hospital lvl4 General Hospitals 6K-9K beds,FR,Route de Bertigny 34,1700.0,Fribourg,1.0,1.0,3727,4,1419.0,0,0,0,0,0,1,0,0,46.8,7.15
Psychiatric hospital lvl1,FR,L'Hôpital 140,1633.0,Marsens,1.0,1.0,60545,0,0.0,,,,,,,,,46.65,7.0667
clinic: Surgery,FR,Rue Hans­Geiler 6,1700.0,Fribourg,1.0,1.0,403,0,0.0,,,,,,,,,46.8,7.15
clinic: Gynecology / Neonatology,FR,Route du Petit­Moncor 1d,1752.0,Villars­sur­Glâne,1.0,1.0,1757,0,161.0,,,,,,,,,,
Hospital lvl1 university hospital,GE,Rue Gabrielle­Perret­Gentil 4,1205.0,Genève,1.0,1.0,1109781,12,3453.0,1,1,1,1,1,1,1,1,,
Hospital lvl3 General Hospitals 9K-30K beds,GE,Avenue Jacob­Daniel Maillard 3,1217.0,Meyrin,1.0,1.0,319805,4,445.0,1,1,1,1,1,0,1,1,46.2322,6.0791
Hospital lvl4 General Hospitals 6K-9K beds,GE,Chemin des Grangettes 7,1224.0,Chêne­Bougeries,1.0,1.0,77240,0,739.0,,,,,,,,,,
Hospital lvl4 General Hospitals 6K-9K beds,GE,Chemin de Beau­Soleil 20,1206.0,Genève,1.0,1.0,24442,4,638.0,1,1,0,0,0,1,1,0,,
Psychiatric hospital lvl2,GE,Avenue du Grand-Salève 2,1255.0,Veyrier,0.0,1.0,0,0,0.0,,,,,,,,,46.1667,6.1833
Psychiatric hospital lvl2,GE,Route de Chêne 26,1207.0,Genève,1.0,1.0,4666,0,0.0,,,,,,,,,,
Rehabilitation clinic,GE,Avenue de Châtelaine 60­62,1219.0,Châtelaine,0.0,1.0,0,0,0.0,,,,,,,,,,
Rehabilitation clinic,GE,Chemin des Courbes 9,1247.0,Anières,1.0,1.0,102,0,0.0,,,,,,,,,46.2667,6.2167
clinic: Surgery,GE,Avenue de Beau­Séjour 6,1206.0,Genève,1.0,1.0,21807,0,0.0,,,,,,,,,,
clinic: Surgery,GE,Avenue Cardinal­Mermillod 1,1227.0,Carouge GE,1.0,1.0,27142,0,0.0,,,,,,,,,,
clinic: Surgery,GE,Rue Charles­Humbert 5,1205.0,Genève,1.0,1.0,1354,0,0.0,,,,,,,,,,
clinic: Gynecology / Neonatology,GE,Chemin du Châtelet 3,1205.0,Genève,0.0,1.0,0,2,108.0,,,,,,,,,,
Hospital lvl4 General Hospitals 6K-9K beds,GL,Burgstrasse 99,8750.0,Glarus,1.0,1.0,80504,2,329.0,1,1,0,0,0,0,1,1,47.0333,9.0667
Rehabilitation clinic,GL,Niederschlachtstrasse 12,8784.0,Braunwald,1.0,1.0,729,0,0.0,,,,,,,,,,
Rehabilitation clinic,GL,Burgstrasse 99,8750.0,Glarus,1.0,1.0,0,0,0.0,,,,,,,,,47.0333,9.0667
Hospital lvl2 major cantonal hospital,GR,Loestrasse 170,7000.0,Chur,1.0,1.0,409281,5,940.0,1,1,1,1,1,1,1,1,46.8521,9.5297
Hospital lvl4 General Hospitals 6K-9K beds,GR,Via Nouva 3,7503.0,Samedan,1.0,1.0,44310,2,149.0,1,1,0,0,0,0,0,1,46.5336,9.8719
Hospital lvl4 General Hospitals 6K-9K beds,GR,,7220.0,Schiers,1.0,1.0,34335,2,175.0,1,1,0,0,0,0,1,0,46.9664,9.6833
Hospital lvl4 General Hospitals 6K-9K beds,GR,Spitalstrasse 6,7130.0,Ilanz,1.0,1.0,14048,2,144.0,1,1,0,0,0,0,0,0,,
Hospital lvl4 General Hospitals 6K-9K beds,GR,Promenade 4,7270.0,Davos Platz,1.0,1.0,49664,2,109.0,0,1,0,0,0,0,0,1,,
Hospital lvl5 General Hospitals 3K-6K beds,GR,Via da l'Ospidal 280,7550.0,Scuol,1.0,1.0,10535,1,35.0,0,1,0,0,0,0,0,0,46.797,10.2995
Hospital lvl5 General Hospitals 3K-6K beds,GR,Alte Strasse 31,7430.0,Thusis,1.0,1.0,23283,2,137.0,0,1,0,0,0,0,0,0,46.6885,9.4328
Hospital lvl5 General Hospitals 3K-6K beds,GR,Via da l'Uspedal 1000,7742.0,Poschiavo,1.0,1.0,2664,1,27.0,,,,,,,,,46.3333,10.0497
Hospital lvl5 General Hospitals 3K-6K beds,GR,Stradung 52,7460.0,Savognin,1.0,1.0,18812,0,0.0,0,1,0,0,0,0,0,0,,
Hospital lvl5 General Hospitals 3K-6K beds,GR,Sielva,7536.0,Sta. Maria V. M.,1.0,1.0,394,0,0.0,,,,,,,,,,
Hospital lvl5 General Hospitals 3K-6K beds,GR,Flin,7606.0,Promontogno,1.0,1.0,9855,0,0.0,,,,,,,,,,
Psychiatric hospital lvl1,GR,Loestrasse 220,7000.0,Chur,1.0,1.0,90488,0,0.0,,,,,,,,,46.8521,9.5297
Psychiatric hospital lvl2,GR,Praz,7542.0,Susch,1.0,1.0,2304,0,0.0,,,,,,,,,,
Rehabilitation clinic,GR,Herman­Burchard­Strasse 1,7265.0,Davos Wolfgang,1.0,1.0,7530,0,0.0,,,,,,,,,,
Rehabilitation clinic,GR,Schlossstrasse 1,7212.0,Seewis Dorf,1.0,1.0,2239,0,0.0,,,,,,,,,,
Rehabilitation clinic,GR,Veia Granda,7440.0,Andeer,1.0,1.0,5967,0,0.0,,,,,,,,,,
clinic: Surgery,GR,Via Arona 34,7500.0,St. Moritz,1.0,1.0,22239,0,0.0,1,0,0,0,0,0,0,0,,
Hospital lvl3 General Hospitals 9K-30K beds,JU,Chemin de l'Hôpital 9a,2900.0,Porrentruy,1.0,1.0,170044,3,588.0,1,1,0,0,0,0,0,1,47.4167,7.0833
Rehabilitation clinic,JU,Chemin de Roc­Montès 20,2340.0,Le Noirmont,1.0,1.0,11764,0,0.0,,,,,,,,,47.2137,6.9441
clinic: Gynecology / Neonatology,JU,Route Principale 21,2824.0,Vicques,1.0,1.0,0,1,20.0,,,,,,,,,,
Hospital lvl2 major cantonal hospital,LU,Spitalstrasse,6004.0,Luzern,1.0,1.0,656869,10,2799.0,1,1,1,1,1,1,1,1,,
Hospital lvl2 major cantonal hospital,LU,St. Anna­Strasse 32,6006.0,Luzern,1.0,1.0,181261,3,712.0,1,1,1,1,0,0,1,1,,
Psychiatric hospital lvl1,LU,Schafmattstrasse 1,4915.0,St. Urban,1.0,1.0,113295,0,0.0,,,,,,,,,,
Psychiatric hospital lvl2,LU,Rütliweg 1,6045.0,Meggen,1.0,1.0,121,0,0.0,,,,,,,,,47.0464,8.3744
Rehabilitation clinic,LU,Route de l'Astoria 2,3963.0,Crans-Montana,1.0,1.0,933,0,0.0,,,,,,,,,,
Rehabilitation clinic,LU,Hemschlenstrasse,6006.0,Luzern,1.0,1.0,2591,0,0.0,,,,,,,,,,
Rehabilitation clinic,LU,Hertensteinstrasse 162,6353.0,Weggis,1.0,1.0,47,0,0.0,1,0,0,0,0,0,0,0,47.0322,8.4383
clinic: Gynecology / Neonatology,LU,Schellenrain 20,6208.0,Oberkirch LU,1.0,1.0,2689,2,430.0,,,,,,,,,,
clinic: Miscellaneous,LU,Guido A. Zäch Strasse 1,6207.0,Nottwil,1.0,1.0,64734,0,0.0,1,1,0,0,0,0,0,0,47.1347,8.1369
Hospital lvl2 major cantonal hospital,NE,Maladière 45,2000.0,Neuchâtel,1.0,1.0,304536,5,1287.0,1,1,1,1,1,0,1,0,46.9903,6.9306
Hospital lvl5 General Hospitals 3K-6K beds,NE,Faubourg de l'Hôpital 81,2001.0,Neuchâtel,1.0,1.0,14017,0,0.0,0,0,0,0,0,0,1,1,46.9903,6.9306
Hospital lvl5 General Hospitals 3K-6K beds,NE,Rue Numa-Droz 185,2300.0,La Chaux­de­Fonds,1.0,1.0,2220,0,0.0,,,,,,,,,,
Psychiatric hospital lvl2,NE,,2017.0,Boudry,1.0,1.0,115908,0,0.0,,,,,,,,,46.95,6.8333
clinic: Gynecology / Neonatology,NE,Chemin des Valangines 9,2000.0,Neuchâtel,1.0,1.0,0,1,54.0,,,,,,,,,46.9903,6.9306
Hospital lvl4 General Hospitals 6K-9K beds,NW,Ennetmooserstrasse 19,6370.0,Stans,1.0,1.0,71981,3,554.0,1,1,0,0,0,0,0,0,46.9594,8.3667
Rehabilitation clinic,NW,Bürgenstock 30,6363.0,Obbürgen,0.0,1.0,0,0,0.0,,,,,,,,,,
clinic: Gynecology / Neonatology,NW,Rosenweg 3,6370.0,Stans,1.0,1.0,1574,1,84.0,,,,,,,,,46.9594,8.3667
Hospital lvl3 General Hospitals 9K-30K beds,OW,Brünigstrasse 181,6060.0,Sarnen,1.0,1.0,31558,2,267.0,1,1,0,0,0,0,1,0,46.8969,8.2469
Hospital lvl2 major cantonal hospital,SG,Rorschacher Strasse 95,9007.0,St. Gallen,1.0,1.0,526666,6,1612.0,1,1,1,1,1,1,1,1,,
Hospital lvl2 major cantonal hospital,SG,Alte Landstrasse 106,9445.0,Rebstein,1.0,1.0,74765,6,994.0,1,1,0,0,0,0,1,1,47.3997,9.5833
Hospital lvl3 General Hospitals 9K-30K beds,SG,Fürstenlandstrasse 32,9500.0,Wil SG,1.0,1.0,50715,4,587.0,1,1,0,0,0,0,0,0,,
Hospital lvl4 General Hospitals 6K-9K beds,SG,Brauerstrasse 95,9016.0,St. Gallen,1.0,1.0,65049,4,682.0,1,1,0,0,0,0,1,0,,
Hospital lvl4 General Hospitals 6K-9K beds,SG,Gasterstrasse 25,8730.0,Uznach,1.0,1.0,21721,3,357.0,1,1,0,0,0,1,1,1,47.2242,8.9839
Psychiatric hospital lvl1,SG,Zürcherstrasse 30,9500.0,Wil SG,1.0,1.0,74557,0,0.0,,,,,,,,,,
Psychiatric hospital lvl1,SG,,7312.0,Pfäfers,1.0,1.0,69839,0,0.0,,,,,,,,,46.9831,9.4997
Psychiatric hospital lvl2,SG,Sonnenhofstrasse 15,9608.0,Ganterschwil,1.0,1.0,173,0,0.0,,,,,,,,,,
Rehabilitation clinic,SG,Taminaplatz 1,7317.0,Valens,1.0,1.0,2824,0,0.0,,,,,,,,,,
Rehabilitation clinic,SG,Rorschacher Strasse 311,9016.0,St. Gallen,1.0,1.0,3975,0,0.0,,,,,,,,,,
clinic: Surgery,SG,Güterstrasse 21/23,8640.0,Rapperswil-Jona,1.0,1.0,12021,0,0.0,,,,,,,,,47.2286,8.8317
clinic: Surgery,SG,Bahnhofstrasse 123a,9244.0,Niederuzwil,1.0,1.0,653,0,0.0,,,,,,,,,,
clinic: Gynecology / Neonatology,SG,Lindenstrasse 71,9000.0,St. Gallen,1.0,1.0,793,2,182.0,,,,,,,,,,
clinic: Pediatrics,SG,Claudiusstrasse 6,9006.0,St. Gallen,1.0,1.0,65751,0,54.0,0,1,0,0,0,0,0,0,,
clinic: Geriatrics,SG,Rorschacher Strasse 94,9000.0,St. Gallen,1.0,1.0,4812,0,0.0,,,,,,,,,,
Hospital lvl2 major cantonal hospital,SH,Geissbergstrasse 81,8208.0,Schaffhausen,1.0,1.0,200738,2,766.0,0,1,0,1,0,0,1,1,47.6965,8.6339
clinic: Surgery,SH,Rietstrasse 30,8200.0,Schaffhausen,1.0,1.0,1349,0,0.0,,,,,,,,,47.6965,8.6339
Hospital lvl2 major cantonal hospital,SO,Schöngrünstrasse 36a,4500.0,Solothurn,1.0,1.0,506240,10,1587.0,1,1,1,1,0,1,1,1,47.2081,7.5375
clinic: Surgery,SO,Leopoldstrasse 5,4500.0,Solothurn,1.0,1.0,1658,0,0.0,,,,,,,,,47.2081,7.5375
clinic: Miscellaneous,SO,Louis-Giroud­Strasse 20,4600.0,Olten,1.0,1.0,2361,0,0.0,,,,,,,,,47.3531,7.9078
Hospital lvl3 General Hospitals 9K-30K beds,SZ,Waldeggstrasse 10,6430.0,Schwyz,1.0,1.0,25991,2,405.0,0,0,0,0,0,0,1,1,47.0211,8.6536
Hospital lvl3 General Hospitals 9K-30K beds,SZ,Oberdorfstrasse 41,8853.0,Lachen SZ,1.0,1.0,87682,2,457.0,1,1,0,0,0,0,1,1,,
Hospital lvl4 General Hospitals 6K-9K beds,SZ,Spitalstrasse 28,8840.0,Einsiedeln,1.0,1.0,37900,2,224.0,0,1,0,0,0,0,0,0,47.1278,8.7431
Psychiatric hospital lvl2,SZ,Gersauerstrasse 8,6440.0,Brunnen,1.0,1.0,1748,0,0.0,,,,,,,,,,
Hospital lvl2 major cantonal hospital,TG,Waldeggstrasse 8a,8501.0,Frauenfeld,1.0,1.0,244737,10,2222.0,1,1,1,1,1,1,1,1,47.558,8.8964
Hospital lvl5 General Hospitals 3K-6K beds,TG,Weinbergstrasse 1,8280.0,Kreuzlingen,1.0,1.0,5372,0,0.0,0,0,0,0,0,0,1,0,47.6458,9.1783
Psychiatric hospital lvl1,TG,Seeblickstrasse 3,8596.0,Münsterlingen,1.0,1.0,37371,0,0.0,,,,,,,,,47.6313,9.2337
Psychiatric hospital lvl1,TG,Hauptstrasse 130,9573.0,Littenheid,1.0,1.0,45895,0,0.0,,,,,,,,,,
Psychiatric hospital lvl2,TG,Fohrenbergstrasse 23,8355.0,Aadorf,1.0,1.0,1431,0,0.0,,,,,,,,,47.4939,8.8975
Rehabilitation clinic,TG,Hauptstrasse 2­4,8588.0,Zihlschlacht,1.0,1.0,12792,0,0.0,,,,,,,,,,
Rehabilitation clinic,TG,Dr. A. O. Fleisch­Strasse 3,8265.0,Mammern,1.0,1.0,4090,0,0.0,0,1,0,0,0,0,0,0,,
Rehabilitation clinic,TG,Kurhausstrasse 34,8374.0,Dussnang,1.0,1.0,16276,0,0.0,,,,,,,,,,
Rehabilitation clinic,TG,St. Katharinental,8253.0,Diessenhofen,1.0,1.0,2884,0,0.0,,,,,,,,,47.6833,8.7497
Rehabilitation clinic,TG,Seestrasse 101,8267.0,Berlingen,0.0,1.0,0,0,0.0,,,,,,,,,,
clinic: Surgery,TG,Bernrainstrasse 17,8280.0,Kreuzlingen,1.0,1.0,2527,0,0.0,0,1,0,0,0,0,0,0,47.6458,9.1783
clinic: Surgery,TG,Brückenstrasse 9,8280.0,Kreuzlingen,1.0,1.0,8597,0,0.0,,,,,,,,,47.6458,9.1783
Hospital lvl2 major cantonal hospital,TI,Viale Officina 3,6500.0,Bellinzona,1.0,1.0,670004,9,1473.0,1,1,1,1,1,1,1,1,46.1956,9.0238
Hospital lvl3 General Hospitals 9K-30K beds,TI,Via Moncucco 10,6900.0,Lugano,1.0,1.0,57135,0,0.0,1,1,0,0,1,0,1,0,46.0103,8.9625
Hospital lvl4 General Hospitals 6K-9K beds,TI,Via Sant'Anna 1,6924.0,Sorengo,1.0,1.0,19172,4,636.0,1,1,0,0,0,0,0,0,46.0,8.9333
Hospital lvl4 General Hospitals 6K-9K beds,TI,Via Stefano Franscini 4,6600.0,Locarno,1.0,1.0,22587,2,214.0,1,1,0,0,0,0,0,0,46.1664,8.7997
Hospital lvl4 General Hospitals 6K-9K beds,TI,Via Tesserete 48,6900.0,Lugano,1.0,1.0,19975,0,0.0,1,1,0,0,0,0,1,0,46.0103,8.9625
Psychiatric hospital lvl2,TI,Via Agostino Maspoli,6850.0,Mendrisio,1.0,1.0,4881,0,0.0,,,,,,,,,45.8667,8.9833
Psychiatric hospital lvl2,TI,Via al Parco 27,6644.0,Orselina,1.0,1.0,2029,0,0.0,,,,,,,,,,
Psychiatric hospital lvl2,TI,Via Ceresio 34b,6963.0,Pregassona,0.0,1.0,0,0,0.0,,,,,,,,,,
Psychiatric hospital lvl2,TI,,6980.0,Castelrotto,1.0,1.0,1649,0,0.0,,,,,,,,,,
Rehabilitation clinic,TI,Via Crodolo 18,6614.0,Brissago,1.0,1.0,2470,0,0.0,,,,,,,,,46.1167,8.7
clinic: Surgery,TI,Via Grumo 16,6929.0,Gravesano,1.0,1.0,30278,0,0.0,1,1,0,0,0,0,1,0,46.05,8.9167
clinic: Miscellaneous,TI,Via Consiglio Mezzano 38,6644.0,Orselina,1.0,1.0,36,0,0.0,,,,,,,,,,
clinic: Miscellaneous,TI,Via al Parco 27,6644.0,Orselina,0.0,1.0,0,0,0.0,,,,,,,,,,
Hospital lvl4 General Hospitals 6K-9K beds,UR,Spitalstrasse 1,6460.0,Altdorf UR,1.0,1.0,68022,2,262.0,1,1,0,0,0,0,1,1,,
Hospital lvl1 university hospital,VD,Rue du Bugnon 21,1011.0,Lausanne,1.0,1.0,1425145,6,2543.0,1,1,1,1,1,0,1,1,46.5333,6.6333
Hospital lvl2 major cantonal hospital,VD,Route du Vieux Séquoia 20,1847.0,Rennaz,1.0,1.0,287577,6,1725.0,1,1,1,1,1,0,0,1,,
Hospital lvl2 major cantonal hospital,VD,Rue d'Entremonts 11,1400.0,Yverdon­les­Bains,1.0,1.0,203809,3,932.0,1,1,0,0,0,0,0,1,,
Hospital lvl2 major cantonal hospital,VD,Chemin du Crêt 2,1110.0,Morges,1.0,1.0,151536,4,1309.0,1,1,0,0,0,0,1,1,46.5094,6.4986
Hospital lvl3 General Hospitals 9K-30K beds,VD,Chemin Monastier 10,1260.0,Nyon,1.0,1.0,110612,2,518.0,1,1,0,0,0,0,0,1,46.382,6.2389
Hospital lvl3 General Hospitals 9K-30K beds,VD,Avenue d'Ouchy 31,1006.0,Lausanne,1.0,1.0,70097,2,408.0,1,1,0,1,1,1,1,1,46.5333,6.6333
Hospital lvl4 General Hospitals 6K-9K beds,VD,Avenue de la Colline 3,1530.0,Payerne,1.0,1.0,124975,3,531.0,1,1,0,0,0,0,0,1,46.8167,6.9333
Hospital lvl4 General Hospitals 6K-9K beds,VD,Avenue Vinet 30,1004.0,Lausanne,1.0,1.0,90530,1,302.0,1,1,1,1,0,0,1,0,46.5333,6.6333
Hospital lvl5 General Hospitals 3K-6K beds,VD,Route du Muids 3,1272.0,Genolier,1.0,1.0,24269,0,0.0,1,1,1,1,1,0,1,0,46.4333,6.2167
Hospital lvl5 General Hospitals 3K-6K beds,VD,Rue des Rosiers 29,1450.0,Ste­Croix,1.0,1.0,30442,0,0.0,,,,,,,,,,
Hospital lvl5 General Hospitals 3K-6K beds,VD,Route de l'Hôpital 17,1660.0,Château­d'Oex,1.0,1.0,8354,0,0.0,0,1,0,0,0,0,0,1,,
Psychiatric hospital lvl2,VD,Route de Nant,1804.0,Corsier­sur­Vevey,1.0,1.0,66807,0,0.0,,,,,,,,,,
Psychiatric hospital lvl2,VD,Avenue de Bois­Bougy 8,1260.0,Nyon,1.0,1.0,244,0,0.0,,,,,,,,,46.382,6.2389
Rehabilitation clinic,VD,La Lignière 5,1196.0,Gland,1.0,1.0,30135,0,0.0,,,,,,,,,46.4167,6.2667
Rehabilitation clinic,VD,Avenue de Bois­Bougy 5,1260.0,Nyon,1.0,1.0,168,0,0.0,,,,,,,,,46.382,6.2389
Rehabilitation clinic,VD,Chemin des Colombaires 31,1096.0,Cully,1.0,1.0,2241,0,0.0,,,,,,,,,,
Rehabilitation clinic,VD,Route de Valmont,1823.0,Glion,1.0,1.0,1511,0,0.0,,,,,,,,,,
Rehabilitation clinic,VD,Route du Vignoble 60,1175.0,Lavigny,1.0,1.0,2574,0,0.0,,,,,,,,,,
clinic: Surgery,VD,Rue du Grammont 2,1815.0,Clarens,1.0,1.0,3679,0,0.0,0,0,0,0,0,1,0,0,,
clinic: Surgery,VD,Chemin des Allinges 10,1006.0,Lausanne,1.0,1.0,5646,0,0.0,1,1,0,0,0,0,0,0,46.5333,6.6333
clinic: Miscellaneous,VD,Rue du Lac 142,1815.0,Clarens,1.0,1.0,32279,0,0.0,1,1,0,0,0,0,0,0,,
clinic: Miscellaneous,VD,Chemin des Cuarroz 57,1807.0,Blonay,1.0,1.0,535,0,0.0,,,,,,,,,46.4667,6.9
clinic: Miscellaneous,VD,Rue Bon-Port 27,1820.0,Montreux,0.0,1.0,0,0,0.0,,,,,,,,,46.4333,6.9167
clinic: Miscellaneous,VD,Avenue de France 15,1004.0,Lausanne,1.0,1.0,77627,0,0.0,0,0,0,0,0,0,1,0,46.5333,6.6333
Hospital lvl2 major cantonal hospital,VS,Avenue du Grand-Champsec 80,1950.0,Sion,1.0,1.0,376843,5,1421.0,1,1,1,1,1,1,1,1,46.2304,7.3661
Hospital lvl2 major cantonal hospital,VS,Pflanzettastrasse 8,3930.0,Visp,1.0,1.0,134279,3,627.0,1,1,0,0,0,1,0,1,46.2922,7.8828
Rehabilitation clinic,VS,Avenue du Grand­Champsec 90,1950.0,Sion,1.0,1.0,189669,0,0.0,,,,,,,,,46.2304,7.3661
Rehabilitation clinic,VS,Willy­Spühlerstrasse 2,3954.0,Leukerbad,1.0,1.0,2243,0,0.0,,,,,,,,,46.3833,7.6333
clinic: Surgery,VS,Rue de Pré­Fleuri 16,1950.0,Sion,1.0,1.0,7661,0,0.0,1,1,0,0,0,0,0,0,46.2304,7.3661
clinic: Surgery,VS,Route du Léman 29,1907.0,Saxon,1.0,1.0,6273,0,0.0,,,,,,,,,46.15,7.1667
Hospital lvl2 major cantonal hospital,ZG,Landhausstrasse 11,6340.0,Baar,1.0,1.0,190658,3,946.0,1,1,0,0,0,0,1,1,47.1956,8.5264
Hospital lvl4 General Hospitals 6K-9K beds,ZG,Rigistrasse 1,6330.0,Cham,1.0,1.0,31447,3,406.0,1,1,0,0,0,0,0,0,,
Psychiatric hospital lvl1,ZG,Widenstrasse 55,6317.0,Oberwil bei Zug,1.0,1.0,79070,0,0.0,,,,,,,,,,
Psychiatric hospital lvl2,ZG,Meisenbergstrasse 17,6300.0,Zug,1.0,1.0,753,0,0.0,,,,,,,,,47.1681,8.5169
Rehabilitation clinic,ZG,Höhenweg 71,6314.0,Unterägeri,1.0,1.0,19179,0,0.0,,,,,,,,,47.1386,8.5844
Hospital lvl1 university hospital,ZH,Rämistrasse 100,8091.0,Zürich,1.0,1.0,694151,8,2182.0,1,1,1,1,1,1,1,1,47.3786,8.54
Hospital lvl2 major cantonal hospital,ZH,Brauerstrasse 15,8400.0,Winterthur,1.0,1.0,209040,6,1479.0,1,1,1,1,1,1,1,1,47.4992,8.7267
Hospital lvl2 major cantonal hospital,ZH,Birmensdorferstrasse 497,8063.0,Zürich,1.0,1.0,200379,7,1851.0,1,1,0,1,1,0,1,0,47.3786,8.54
Hospital lvl2 major cantonal hospital,ZH,Witellikerstrasse 40,8008.0,Zürich,1.0,1.0,91096,3,800.0,1,1,1,1,1,0,1,1,47.3786,8.54
Hospital lvl2 major cantonal hospital,ZH,Brunnenstrasse 42,8610.0,Uster,1.0,1.0,96334,4,805.0,0,1,0,0,0,0,0,1,47.3492,8.7192
Hospital lvl2 major cantonal hospital,ZH,Tièchestrasse 99,8037.0,Zürich,1.0,1.0,46133,0,0.0,1,1,0,1,0,0,1,1,47.3786,8.54
Hospital lvl2 major cantonal hospital,ZH,Urdorferstrasse 100,8952.0,Schlieren,1.0,1.0,137734,5,936.0,1,1,0,0,0,1,1,0,47.3989,8.4497
Hospital lvl2 major cantonal hospital,ZH,Trichtenhauserstrasse 20,8125.0,Zollikerberg,1.0,1.0,63463,6,1891.0,1,1,0,0,0,0,1,1,,
Hospital lvl2 major cantonal hospital,ZH,Spitalstrasse 24,8180.0,Bülach,1.0,1.0,122893,4,1278.0,0,1,0,0,0,0,0,0,47.5189,8.5422
Hospital lvl2 major cantonal hospital,ZH,Asylstrasse 19,8810.0,Horgen,1.0,1.0,56889,3,663.0,1,1,0,0,0,0,0,1,47.2608,8.5975
Hospital lvl2 major cantonal hospital,ZH,Spitalstrasse 66,8620.0,Wetzikon ZH,1.0,1.0,116476,4,783.0,1,1,0,1,0,1,1,1,,
Hospital lvl3 General Hospitals 9K-30K beds,ZH,Asylstrasse 10,8708.0,Männedorf,1.0,1.0,84556,2,545.0,0,1,0,0,0,0,0,0,47.2553,8.6917
Hospital lvl3 General Hospitals 9K-30K beds,ZH,Seestrasse 220,8002.0,Zürich,1.0,1.0,44002,2,463.0,1,1,0,0,0,0,1,1,47.3786,8.54
Hospital lvl4 General Hospitals 6K-9K beds,ZH,Sonnenbergstrasse 27,8910.0,Affoltern am Albis,1.0,1.0,35691,1,251.0,0,1,0,0,0,0,0,0,47.2817,8.4502
Hospital lvl4 General Hospitals 6K-9K beds,ZH,Toblerstrasse 51,8044.0,Zürich,1.0,1.0,1716,4,461.0,0,0,0,0,0,0,1,0,47.3786,8.54
Hospital lvl5 General Hospitals 3K-6K beds,ZH,Bergstrasse 16,8805.0,Richterswil,1.0,1.0,14182,2,366.0,0,1,0,0,0,0,0,0,47.2081,8.7058
Psychiatric hospital lvl1,ZH,Lenggstrasse 31,8032.0,Zürich,1.0,1.0,145571,0,0.0,,,,,,,,,47.3786,8.54
Psychiatric hospital lvl1,ZH,Wieshofstrasse 102,8408.0,Winterthur,1.0,1.0,76273,0,0.0,,,,,,,,,47.4992,8.7267
Psychiatric hospital lvl1,ZH,Schlösslistrasse 8,8618.0,Oetwil am See,1.0,1.0,34173,0,0.0,,,,,,,,,47.2708,8.7211
Psychiatric hospital lvl1,ZH,Alte Landstrasse 70,8802.0,Kilchberg ZH,1.0,1.0,22915,0,0.0,,,,,,,,,,
Psychiatric hospital lvl2,ZH,Islikonerstrasse 5,8548.0,Ellikon an der Thur,1.0,1.0,6507,0,0.0,,,,,,,,,,
Psychiatric hospital lvl2,ZH,Hohenegg 1,8706.0,Meilen,1.0,1.0,5100,0,0.0,,,,,,,,,47.2703,8.6411
Psychiatric hospital lvl2,ZH,Zum Park 20,8404.0,Winterthur,1.0,1.0,105,0,0.0,,,,,,,,,47.4992,8.7267
Psychiatric hospital lvl2,ZH,Emil-Klöti-Strasse 14-18,8037.0,Zürich,1.0,1.0,1804,0,0.0,,,,,,,,,47.3786,8.54
Rehabilitation clinic,ZH,Faltigbergstrasse 7,8636.0,Wald ZH,1.0,1.0,2081,0,0.0,,,,,,,,,,
Rehabilitation clinic,ZH,Grütstrasse 60,8802.0,Kilchberg ZH,1.0,1.0,3124,0,0.0,,,,,,,,,,
Rehabilitation clinic,ZH,Trichtenhauserstrasse 20,8125.0,Zollikerberg,1.0,1.0,6515,0,0.0,,,,,,,,,,
Rehabilitation clinic,ZH,Urdorferstrasse 100,8952.0,Schlieren,1.0,1.0,0,0,0.0,,,,,,,,,47.3989,8.4497
clinic: Surgery,ZH,Forchstrasse 340,8008.0,Zürich,1.0,1.0,89565,0,0.0,1,1,0,0,0,0,0,0,47.3786,8.54
clinic: Surgery,ZH,Lengghalde 2,8008.0,Zürich,1.0,1.0,121253,0,0.0,,,,,,,,,47.3786,8.54
clinic: Surgery,ZH,Schickstrasse 11,8400.0,Winterthur,1.0,1.0,1757,0,0.0,0,0,0,0,0,0,0,1,47.4992,8.7267
clinic: Surgery,ZH,Zürichstrasse 5,8180.0,Bülach,1.0,1.0,1211,0,0.0,,,,,,,,,47.5189,8.5422
clinic: Surgery,ZH,Bellerivestrasse 34,8008.0,Zürich,1.0,1.0,12,0,0.0,,,,,,,,,47.3786,8.54
clinic: Surgery,ZH,Hardturmstrasse 133,8005.0,Zürich,1.0,1.0,2075,0,0.0,,,,,,,,,47.3786,8.54
clinic: Surgery,ZH,Breitestrasse 11,8157.0,Dielsdorf,1.0,1.0,3020,0,0.0,,,,,,,,,47.4836,8.4542
clinic: Surgery,ZH,Dammstrasse 29,8702.0,Zollikon,1.0,1.0,1013,0,0.0,,,,,,,,,47.3422,8.5783
clinic: Surgery,ZH,Brunngasse 6,8400.0,Winterthur,1.0,1.0,1439,0,,,,,,,,,,47.4992,8.7267
clinic: Gynecology / Neonatology,ZH,Schürlistrasse 3,8344.0,Bäretswil,1.0,1.0,3183,2,384.0,,,,,,,,,47.3369,8.8575
clinic: Gynecology / Neonatology,ZH,Badenerstrasse 177,8003.0,Zürich,1.0,1.0,1585,2,237.0,,,,,,,,,47.3786,8.54
clinic: Pediatrics,ZH,Steinwiesstrasse 75,8032.0,Zürich,1.0,1.0,193621,0,91.0,1,1,0,0,0,0,1,1,47.3786,8.54
clinic: Miscellaneous,ZH,Bleulerstrasse 60,8008.0,Zürich,1.0,1.0,36242,0,0.0,,,,,,,,,47.3786,8.54
clinic: Miscellaneous,ZH,Schreberweg 9,8044.0,Zürich,1.0,1.0,1407,0,0.0,,,,,,,,,47.3786,8.54
clinic: Miscellaneous,ZH,Konradstrasse 62,8005.0,Zürich,1.0,1.0,19390,0,0.0,,,,,,,,,47.3786,8.54
,,Chemin de la Planche 1,1217.0,Meyrin,,,0,0,,,,,,,,,,46.2322,6.0791
,,Rue de l_x0019_ Hôpital 3,1347.0,Le Sentier,,,0,0,,,,,,,,,,,
,,,,,,,20084516,351,78501.0,,,,,,,,,,
Hospital lvl2 major cantonal hospital,AG,Tellstrasse 25,5000.0,Aarau,1.0,1.0,541775,5,1876.0,1,1,1,1,1,1,1,1,47.3923,8.0446
Hospital lvl2 major cantonal hospital,AG,Im Ergel,5404.0,Baden,1.0,1.0,251186,5,1488.0,1,1,1,1,1,1,1,1,47.4729,8.308
Hospital lvl2 major cantonal hospital,AG,Schänisweg 1,5000.0,Aarau,1.0,1.0,50917,2,698.0,1,1,0,0,1,0,1,1,47.3923,8.0446
Hospital lvl3 General Hospitals 9K-30K beds,AG,Riburgerstrasse 12,4310.0,Rheinfelden,1.0,1.0,77930,2,411.0,1,1,0,0,0,0,0,0,47.5539,7.7958
Hospital lvl3 General Hospitals 9K-30K beds,AG,Spitalstrasse 144,5630.0,Muri AG,1.0,1.0,98592,2,613.0,1,1,0,0,0,0,0,1,,
Hospital lvl4 General Hospitals 6K-9K beds,AG,Mühlethalstrasse 27,4800.0,Zofingen,1.0,1.0,44349,0,0.0,1,1,0,0,0,0,0,0,47.2884,7.9475
Hospital lvl4 General Hospitals 6K-9K beds,AG,Kommendeweg 12,5316.0,Leuggern,1.0,1.0,12917,3,698.0,,,,,,,,,47.5819,8.2194
Hospital lvl4 General Hospitals 6K-9K beds,AG,Spitalstrasse 1,5737.0,Menziken,1.0,1.0,16154,0,0.0,0,1,0,0,0,0,0,0,47.24,8.1917
Psychiatric hospital lvl1,AG,Königsfelderstrasse 1,5210.0,Windisch,1.0,1.0,118257,0,0.0,,,,,,,,,47.4803,8.2222
Psychiatric hospital lvl2,AG,Bahnhofstrasse 19,4310.0,Rheinfelden,1.0,1.0,29326,0,0.0,,,,,,,,,47.5539,7.7958
Psychiatric hospital lvl2,AG,Hasel 837,5728.0,Gontenschwil,1.0,1.0,11164,0,0.0,,,,,,,,,47.2733,8.1472
Psychiatric hospital lvl2,AG,Zürcherstrasse 52,5432.0,Neuenhof,1.0,1.0,950,0,0.0,,,,,,,,,47.4469,8.3292
Psychiatric hospital lvl2,AG,Badstrasse 33,5330.0,Bad Zurzach,1.0,1.0,5701,0,0.0,,,,,,,,,47.5872,8.2944
Rehabilitation clinic,AG,,5017.0,Barmelweid,1.0,1.0,20140,0,0.0,,,,,,,,,,
Rehabilitation clinic,AG,Mutschellenstrasse 2,5454.0,Bellikon,1.0,1.0,18158,0,0.0,1,1,0,0,0,0,0,0,47.3891,8.3436
Rehabilitation clinic,AG,Quellenstrasse 34,5330.0,Bad Zurzach,1.0,1.0,38404,0,0.0,,,,,,,,,47.5872,8.2944
Rehabilitation clinic,AG,Salinenstrasse 98,4310.0,Rheinfelden,1.0,1.0,70984,0,0.0,,,,,,,,,47.5539,7.7958
Rehabilitation clinic,AG,Badstrasse 55,5116.0,Schinznach Bad,1.0,1.0,27965,0,0.0,,,,,,,,,47.4497,8.1694
Rehabilitation clinic,AG,Bäderstrasse 16,5401.0,Baden,1.0,1.0,5743,0,0.0,,,,,,,,,47.4729,8.308
Rehabilitation clinic,AG,Badstrasse 50,5116.0,Schinznach Bad,1.0,1.0,9555,0,0.0,,,,,,,,,47.4497,8.1694
Rehabilitation clinic,AG,Roberstenstrasse 31,4310.0,Rheinfelden,1.0,1.0,109399,0,0.0,,,,,,,,,47.5539,7.7958
clinic: Miscellaneous,AG,Bernstrasse 84,4852.0,Rothrist,1.0,1.0,616,2,390.0,,,,,,,,,47.3028,7.8833
Hospital lvl5 General Hospitals 3K-6K beds,AI,Sonnhalde 2,9050.0,Appenzell,1.0,1.0,5947,0,0.0,,,,,,,,,47.3306,9.4086
Rehabilitation clinic,AI,Im Park 1,9057.0,Weissbad,0.0,1.0,0,0,0.0,,,,,,,,,,
Hospital lvl3 General Hospitals 9K-30K beds,AR,Krombach 3,9100.0,Herisau,1.0,1.0,45776,8,993.0,0,1,0,0,0,0,1,1,47.3851,9.2786
Psychiatric hospital lvl2,AR,Krombach 3,9100.0,Herisau,1.0,1.0,7870,0,0.0,,,,,,,,,47.3851,9.2786
Rehabilitation clinic,AR,Gäbrisstrasse 1172,9056.0,Gais,1.0,1.0,1789,0,0.0,,,,,,,,,47.3606,9.4511
Rehabilitation clinic,AR,Dorf,9428.0,Walzenhausen,1.0,1.0,3451,0,0.0,,,,,,,,,47.4511,9.6014
clinic: Surgery,AR,Vögelinsegg 5,9042.0,Speicher,1.0,1.0,10915,0,0.0,,,,,,,,,47.4106,9.4433
clinic: Surgery,AR,Hasenbühlstrasse 11,9410.0,Heiden,1.0,1.0,2320,0,0.0,,,,,,,,,47.4411,9.5311
Hospital lvl1 university hospital,BE,Freiburgstrasse 18,3010.0,Bern,1.0,1.0,718957,5,1390.0,1,1,1,1,1,1,1,1,46.948,7.4474
Hospital lvl2 major cantonal hospital,BE,Bremgartenstrasse 117,3012.0,Bern,1.0,1.0,172627,6,1730.0,1,1,0,1,1,1,1,1,46.948,7.4474
Hospital lvl2 major cantonal hospital,BE,Freiburgstrasse 18,3010.0,Bern,1.0,1.0,125614,3,385.0,1,1,0,0,0,0,1,1,46.948,7.4474
Hospital lvl2 major cantonal hospital,BE,Krankenhausstrasse 12,3600.0,Thun,1.0,1.0,219144,4,1033.0,1,1,0,0,0,0,1,1,46.759,7.63
Hospital lvl2 major cantonal hospital,BE,Schänzlihalde 11,3013.0,Bern,1.0,1.0,68956,4,1122.0,1,1,0,0,0,0,1,1,46.948,7.4474
Hospital lvl2 major cantonal hospital,BE,Oberburgstrasse 54,3400.0,Burgdorf,1.0,1.0,180988,3,663.0,1,1,0,0,0,0,1,1,47.0567,7.6264
Hospital lvl2 major cantonal hospital,BE,Vogelsang 84,2502.0,Biel,1.0,1.0,121050,5,786.0,1,1,0,0,0,1,1,1,,
Hospital lvl2 major cantonal hospital,BE,Weissenaustrasse 27,3800.0,Unterseen,1.0,1.0,61872,4,515.0,1,1,0,0,0,0,0,1,46.6872,7.8497
Hospital lvl3 General Hospitals 9K-30K beds,BE,St. Urbanstrasse 67,4900.0,Langenthal,1.0,1.0,220888,4,626.0,1,1,0,0,0,0,0,1,47.2153,7.7889
Hospital lvl3 General Hospitals 9K-30K beds,BE,Les Fontenayes 17,2610.0,St­Imier,1.0,1.0,101294,2,367.0,1,1,0,0,0,0,0,0,,
Hospital lvl3 General Hospitals 9K-30K beds,BE,Blumenrain 105,2503.0,Biel,1.0,1.0,43788,2,704.0,1,1,0,1,0,0,1,0,,
Hospital lvl4 General Hospitals 6K-9K beds,BE,Worbstrasse 316,3073.0,Gümligen,1.0,1.0,31817,0,0.0,,,,,,,,,,
Hospital lvl5 General Hospitals 3K-6K beds,BE,Beausite 49,2740.0,Moutier,1.0,1.0,39387,0,0.0,1,0,0,0,0,0,0,1,47.2803,7.3708
Hospital lvl5 General Hospitals 3K-6K beds,BE,Schänzlistrasse 15,3013.0,Bern,0.0,1.0,0,0,0.0,,,,,,,,,46.948,7.4474
Psychiatric hospital lvl1,BE,Bolligenstrasse 111,3072.0,Ostermundigen,1.0,1.0,56468,0,0.0,,,,,,,,,46.9553,7.4833
Psychiatric hospital lvl1,BE,Hunzigenallee 1,3110.0,Münsingen,1.0,1.0,15887,0,0.0,,,,,,,,,,
Psychiatric hospital lvl1,BE,Willigen,3860.0,Meiringen,1.0,1.0,8506,0,0.0,,,,,,,,,46.7283,8.1861
Psychiatric hospital lvl2,BE,Fellenbergstrasse 32,3053.0,Münchenbuchsee,1.0,1.0,16574,0,0.0,,,,,,,,,,
Psychiatric hospital lvl2,BE,Südhang 1,3038.0,Kirchlindach,1.0,1.0,7614,0,0.0,,,,,,,,,47.0,7.4111
Psychiatric hospital lvl2,BE,Weissensteinstrasse 30,4900.0,Langenthal,1.0,1.0,20453,0,0.0,,,,,,,,,47.2153,7.7889
Psychiatric hospital lvl2,BE,Waldrandweg 19,3360.0,Herzogenbuchsee,1.0,1.0,653,0,0.0,,,,,,,,,47.1884,7.7062
Psychiatric hospital lvl2,BE,Emmentalstrasse 8,3400.0,Burgdorf,1.0,1.0,2963,0,0.0,,,,,,,,,47.0567,7.6264
Psychiatric hospital lvl2,BE,Bühlstrasse 19a,3012.0,Bern,1.0,1.0,2596,0,0.0,,,,,,,,,46.948,7.4474
Rehabilitation clinic,BE,Schwendi 303,3625.0,Heiligenschwendi,1.0,1.0,129,0,0.0,,,,,,,,,,
Rehabilitation clinic,BE,Bethesda 8,3233.0,Tschugg,1.0,1.0,863,0,0.0,,,,,,,,,,
Rehabilitation clinic,BE,Schönbergstrasse 40,3654.0,Gunten,1.0,1.0,11590,0,0.0,,,,,,,,,,
Rehabilitation clinic,BE,Postgasse 56,3011.0,Bern,1.0,1.0,894,0,0.0,,,,,,,,,46.948,7.4474
Rehabilitation clinic,BE,Laueli 89b,6083.0,Hasliberg Hohfluh,1.0,1.0,4426,0,0.0,,,,,,,,,,
Rehabilitation clinic,BE,Panoramastrasse 20,3854.0,Oberried am Brienzersee,1.0,1.0,1359,0,0.0,,,,,,,,,,
clinic: Surgery,BE,Worbstrasse 316,3073.0,Gümligen,1.0,1.0,2174,0,0.0,,,,,,,,,,
clinic: Surgery,BE,Hohmadstrasse 1,3600.0,Thun,1.0,1.0,3576,0,0.0,,,,,,,,,46.759,7.63
clinic: Gynecology / Neonatology,BE,Oberdorfstrasse 56,3072.0,Ostermundigen,1.0,1.0,6005,3,323.0,,,,,,,,,46.9553,7.4833
clinic: Gynecology / Neonatology,BE,Eggetlistrasse 5a,3770.0,Zweisimmen,1.0,1.0,922,1,87.0,,,,,,,,,46.5497,7.3664
Hospital lvl2 major cantonal hospital,BL,Mühlemattstrasse 26,4410.0,Liestal,1.0,1.0,221081,4,537.0,1,1,1,1,0,0,1,1,47.4839,7.735
Hospital lvl5 General Hospitals 3K-6K beds,BL,Pfeffingerweg 1,4144.0,Arlesheim,1.0,1.0,61677,0,0.0,,,,,,,,,47.4922,7.6203
Hospital lvl5 General Hospitals 3K-6K beds,BL,Stollenrain 12,4144.0,Arlesheim,1.0,1.0,110,0,0.0,,,,,,,,,47.4922,7.6203
Psychiatric hospital lvl1,BL,Bienentalstrasse 7,4410.0,Liestal,1.0,1.0,68346,0,0.0,,,,,,,,,47.4839,7.735
Psychiatric hospital lvl2,BL,Gstadstrasse 42,4153.0,Reinach BL,0.0,1.0,0,0,0.0,,,,,,,,,,
clinic: Surgery,BL,Reinacherstrasse 28,4142.0,Münchenstein,1.0,1.0,61564,0,0.0,1,1,0,0,0,0,0,0,47.5186,7.6174
clinic: Surgery,BL,Kriegackerstrasse 100,4132.0,Muttenz,1.0,1.0,57028,0,0.0,,,,,,,,,47.5228,7.6452
clinic: Gynecology / Neonatology,BL,Unterdorfstrasse 25,4443.0,Wittinsburg,1.0,1.0,522,2,72.0,,,,,,,,,,
clinic: Gynecology / Neonatology,BL,Hauptstrasse 26,4133.0,Pratteln,1.0,1.0,410,1,45.0,,,,,,,,,47.5185,7.6928
clinic: Miscellaneous,BL,Hammerstrasse 35,4410.0,Liestal,1.0,1.0,212,0,0.0,,,,,,,,,47.4839,7.735
clinic: Miscellaneous,BL,Hauptstrasse 55,4102.0,Binningen,0.0,1.0,0,0,0.0,,,,,,,,,47.5333,7.5667
Hospital lvl1 university hospital,BS,Hebelstrasse 32,4031.0,Basel,1.0,1.0,604522,8,2181.0,1,1,1,1,1,0,1,1,47.5606,7.5906
Hospital lvl2 major cantonal hospital,BS,Kleinriehenstrasse 30,4058.0,Basel,1.0,1.0,116421,0,0.0,1,1,1,1,1,0,1,0,47.5606,7.5906
Hospital lvl3 General Hospitals 9K-30K beds,BS,Gellertstrasse 144,4052.0,Basel,1.0,1.0,111261,5,1799.0,1,1,0,0,0,0,0,1,47.5606,7.5906
Psychiatric hospital lvl1,BS,Wilhelm­Klein­Strasse 27,4056.0,Basel,1.0,1.0,230714,0,0.0,,,,,,,,,47.5606,7.5906
Psychiatric hospital lvl2,BS,Gänshaldenweg 22,4125.0,Riehen,1.0,1.0,6683,0,0.0,,,,,,,,,47.5794,7.6512
Rehabilitation clinic,BS,Im Burgfelderhof 40,4055.0,Basel,1.0,1.0,4905,0,0.0,,,,,,,,,47.5606,7.5906
clinic: Surgery,BS,Föhrenstrasse 2,4054.0,Basel,1.0,1.0,36273,0,0.0,1,1,0,0,0,0,1,0,47.5606,7.5906
clinic: Gynecology / Neonatology,BS,Klybeckstrasse 64/70,4057.0,Basel,1.0,1.0,54,2,249.0,,,,,,,,,47.5606,7.5906
clinic: Gynecology / Neonatology,BS,Schweizergasse 8,4054.0,Basel,1.0,1.0,357,0,,,,,,,,,,47.5606,7.5906
clinic: Pediatrics,BS,Spitalstrasse 33,4056.0,Basel,1.0,1.0,98637,0,69.0,1,1,0,0,0,0,0,0,47.5606,7.5906
clinic: Geriatrics,BS,Burgfelderstrasse 101,4055.0,Basel,1.0,1.0,13622,0,0.0,0,1,0,0,0,0,0,0,47.5606,7.5906
clinic: Geriatrics,BS,Mittlere Strasse 15,4056.0,Basel,1.0,1.0,5618,0,0.0,,,,,,,,,47.5606,7.5906
clinic: Miscellaneous,BS,St. Alban­Ring 151,4052.0,Basel,0.0,1.0,0,0,0.0,,,,,,,,,47.5606,7.5906
clinic: Miscellaneous,BS,Hirschgässlein 11,4051.0,Basel,1.0,1.0,21144,0,0.0,0,1,0,0,0,0,0,0,47.5606,7.5906
Hospital lvl2 major cantonal hospital,FR,Case postale,1708.0,Fribourg,1.0,1.0,474143,4,875.0,1,1,1,1,1,0,1,1,46.8,7.15
Hospital lvl4 General Hospitals 6K-9K beds,FR,Route de Bertigny 34,1700.0,Fribourg,1.0,1.0,3833,4,1392.0,0,0,0,0,0,1,0,0,46.8,7.15
Psychiatric hospital lvl1,FR,L'Hôpital 140,1633.0,Marsens,1.0,1.0,61309,0,0.0,,,,,,,,,46.65,7.0667
clinic: Surgery,FR,Rue Hans­Geiler 6,1700.0,Fribourg,1.0,1.0,463,0,0.0,,,,,,,,,46.8,7.15
clinic: Gynecology / Neonatology,FR,Route du Petit­Moncor 1d,1752.0,Villars­sur­Glâne,1.0,1.0,1480,2,187.0,,,,,,,,,,
Hospital lvl1 university hospital,GE,Rue Gabrielle­Perret­Gentil 4,1205.0,Genève,1.0,1.0,1074645,11,3137.0,1,1,1,1,1,1,1,1,,
Hospital lvl3 General Hospitals 9K-30K beds,GE,Avenue Jacob­Daniel Maillard 3,1217.0,Meyrin,1.0,1.0,302391,4,474.0,1,1,1,1,1,0,1,1,46.2322,6.0791
Hospital lvl4 General Hospitals 6K-9K beds,GE,Chemin des Grangettes 7,1224.0,Chêne­Bougeries,1.0,1.0,38610,4,831.0,1,1,1,1,1,1,1,0,,
Hospital lvl4 General Hospitals 6K-9K beds,GE,Chemin de Beau­Soleil 20,1206.0,Genève,1.0,1.0,25098,4,630.0,1,1,0,0,0,1,1,0,,
Psychiatric hospital lvl2,GE,Avenue du Grand-Salève 2,1255.0,Veyrier,0.0,1.0,0,0,0.0,,,,,,,,,46.1667,6.1833
Psychiatric hospital lvl2,GE,Route de Chêne 26,1207.0,Genève,1.0,1.0,4926,0,0.0,,,,,,,,,,
Rehabilitation clinic,GE,Avenue de Châtelaine 60­62,1219.0,Châtelaine,0.0,1.0,0,0,0.0,,,,,,,,,,
Rehabilitation clinic,GE,Chemin des Courbes 9,1247.0,Anières,1.0,1.0,540,0,0.0,,,,,,,,,46.2667,6.2167
clinic: Surgery,GE,Avenue de Beau­Séjour 6,1206.0,Genève,1.0,1.0,19334,0,0.0,,,,,,,,,,
clinic: Surgery,GE,Chemin de la Planche 1,1217.0,Meyrin,1.0,1.0,9026,0,0.0,,,,,,,,,46.2322,6.0791
clinic: Surgery,GE,Rue Charles­Humbert 5,1205.0,Genève,1.0,1.0,1549,0,0.0,,,,,,,,,,
clinic: Surgery,GE,Avenue Cardinal­Mermillod 1,1227.0,Carouge GE,1.0,1.0,13020,0,0.0,,,,,,,,,,
clinic: Gynecology / Neonatology,GE,Chemin du Châtelet 3,1205.0,Genève,0.0,1.0,0,2,116.0,,,,,,,,,,
Hospital lvl4 General Hospitals 6K-9K beds,GL,Burgstrasse 99,8750.0,Glarus,1.0,1.0,79483,2,287.0,1,1,0,0,0,0,1,1,47.0333,9.0667
Rehabilitation clinic,GL,Niederschlachtstrasse 12,8784.0,Braunwald,1.0,1.0,821,0,0.0,,,,,,,,,,
Rehabilitation clinic,GL,Burgstrasse 99,8750.0,Glarus,0.0,1.0,0,0,0.0,,,,,,,,,47.0333,9.0667
Hospital lvl2 major cantonal hospital,GR,Loestrasse 170,7000.0,Chur,1.0,1.0,414729,5,1053.0,1,1,1,1,1,1,1,1,46.8521,9.5297
Hospital lvl4 General Hospitals 6K-9K beds,GR,Via Nouva 3,7503.0,Samedan,1.0,1.0,44542,2,125.0,1,1,0,0,0,0,0,1,46.5336,9.8719
Hospital lvl4 General Hospitals 6K-9K beds,GR,,7220.0,Schiers,1.0,1.0,21786,2,176.0,1,1,0,0,0,0,1,0,46.9664,9.6833
Hospital lvl4 General Hospitals 6K-9K beds,GR,Spitalstrasse 6,7130.0,Ilanz,1.0,1.0,13453,2,133.0,1,1,0,0,0,0,0,0,,
Hospital lvl4 General Hospitals 6K-9K beds,GR,Promenade 4,7270.0,Davos Platz,1.0,1.0,23734,2,90.0,0,1,0,0,0,0,0,1,,
Hospital lvl5 General Hospitals 3K-6K beds,GR,Via da l'Ospidal 280,7550.0,Scuol,1.0,1.0,9034,1,47.0,0,1,0,0,0,0,0,0,46.797,10.2995
Hospital lvl5 General Hospitals 3K-6K beds,GR,Alte Strasse 31,7430.0,Thusis,1.0,1.0,26853,2,156.0,1,1,0,0,0,0,0,0,46.6885,9.4328
Hospital lvl5 General Hospitals 3K-6K beds,GR,Via da l'Uspedal 1000,7742.0,Poschiavo,1.0,1.0,2093,1,19.0,,,,,,,,,46.3333,10.0497
Hospital lvl5 General Hospitals 3K-6K beds,GR,Flin,7606.0,Promontogno,1.0,1.0,6564,0,0.0,,,,,,,,,,
Hospital lvl5 General Hospitals 3K-6K beds,GR,Sielva,7536.0,Sta. Maria V. M.,1.0,1.0,381,0,0.0,,,,,,,,,,
Hospital lvl5 General Hospitals 3K-6K beds,GR,Stradung 52,7460.0,Savognin,1.0,1.0,16807,0,0.0,0,1,0,0,0,0,0,0,,
Psychiatric hospital lvl1,GR,Loestrasse 220,7000.0,Chur,1.0,1.0,87383,0,0.0,,,,,,,,,46.8521,9.5297
Psychiatric hospital lvl2,GR,Praz,7542.0,Susch,1.0,1.0,1861,0,0.0,,,,,,,,,,
Rehabilitation clinic,GR,Herman­Burchard­Strasse 1,7265.0,Davos Wolfgang,1.0,1.0,2858,0,0.0,,,,,,,,,,
Rehabilitation clinic,GR,Schlossstrasse 1,7212.0,Seewis Dorf,1.0,1.0,2098,0,0.0,,,,,,,,,,
Rehabilitation clinic,GR,Veia Granda,7440.0,Andeer,1.0,1.0,5594,0,0.0,,,,,,,,,,
clinic: Surgery,GR,Via Arona 34,7500.0,St. Moritz,1.0,1.0,21831,0,0.0,1,0,0,0,0,0,0,0,,
Hospital lvl3 General Hospitals 9K-30K beds,JU,Chemin de l'Hôpital 9a,2900.0,Porrentruy,1.0,1.0,149571,3,581.0,1,1,0,0,0,0,0,1,47.4167,7.0833
Rehabilitation clinic,JU,Chemin de Roc­Montès 20,2340.0,Le Noirmont,1.0,1.0,8488,0,0.0,,,,,,,,,47.2137,6.9441
clinic: Gynecology / Neonatology,JU,Route Principale 21,2824.0,Vicques,1.0,1.0,0,1,22.0,,,,,,,,,,
Hospital lvl2 major cantonal hospital,LU,Spitalstrasse,6004.0,Luzern,1.0,1.0,646506,10,2771.0,1,1,1,1,1,1,1,1,,
Hospital lvl2 major cantonal hospital,LU,St. Anna­Strasse 32,6006.0,Luzern,1.0,1.0,171384,3,731.0,1,1,1,1,0,0,1,1,,
Psychiatric hospital lvl1,LU,Schafmattstrasse 1,4915.0,St. Urban,1.0,1.0,118306,0,0.0,,,,,,,,,,
Psychiatric hospital lvl2,LU,Rütliweg 1,6045.0,Meggen,1.0,1.0,87,0,0.0,,,,,,,,,47.0464,8.3744
Rehabilitation clinic,LU,Route de l'Astoria 2,3963.0,Crans-Montana,1.0,1.0,1111,0,0.0,,,,,,,,,,
Rehabilitation clinic,LU,Hemschlenstrasse,6006.0,Luzern,1.0,1.0,2342,0,0.0,,,,,,,,,,
Rehabilitation clinic,LU,Hertensteinstrasse 162,6353.0,Weggis,1.0,1.0,20,0,0.0,,,,,,,,,47.0322,8.4383
clinic: Gynecology / Neonatology,LU,Schellenrain 20,6208.0,Oberkirch LU,1.0,1.0,2597,2,444.0,,,,,,,,,,
clinic: Miscellaneous,LU,Guido A. Zäch Strasse 1,6207.0,Nottwil,1.0,1.0,58645,0,0.0,1,1,0,0,0,1,0,0,47.1347,8.1369
Hospital lvl2 major cantonal hospital,NE,Maladière 45,2000.0,Neuchâtel,1.0,1.0,269185,5,1188.0,1,1,1,1,1,0,1,0,46.9903,6.9306
Hospital lvl5 General Hospitals 3K-6K beds,NE,Faubourg de l'Hôpital 81,2001.0,Neuchâtel,1.0,1.0,13346,0,0.0,0,0,0,0,0,0,1,1,46.9903,6.9306
Hospital lvl5 General Hospitals 3K-6K beds,NE,Rue Numa-Droz 185,2300.0,La Chaux­de­Fonds,1.0,1.0,1916,0,0.0,,,,,,,,,,
Psychiatric hospital lvl2,NE,,2017.0,Boudry,1.0,1.0,114437,0,0.0,,,,,,,,,46.95,6.8333
clinic: Gynecology / Neonatology,NE,Chemin des Valangines 9,2000.0,Neuchâtel,1.0,1.0,0,1,52.0,,,,,,,,,46.9903,6.9306
Hospital lvl4 General Hospitals 6K-9K beds,NW,Ennetmooserstrasse 19,6370.0,Stans,1.0,1.0,72903,3,570.0,1,1,0,0,0,0,0,0,46.9594,8.3667
Rehabilitation clinic,NW,Bürgenstock 30,6363.0,Obbürgen,0.0,1.0,0,0,0.0,,,,,,,,,,
clinic: Gynecology / Neonatology,NW,Rosenweg 3,6370.0,Stans,1.0,1.0,1847,1,89.0,,,,,,,,,46.9594,8.3667
Hospital lvl3 General Hospitals 9K-30K beds,OW,Brünigstrasse 181,6060.0,Sarnen,1.0,1.0,30819,2,289.0,1,1,0,0,0,0,1,0,46.8969,8.2469
Hospital lvl2 major cantonal hospital,SG,Rorschacher Strasse 95,9007.0,St. Gallen,1.0,1.0,488209,6,1627.0,1,1,1,1,1,1,1,1,,
Hospital lvl2 major cantonal hospital,SG,Alte Landstrasse 106,9445.0,Rebstein,1.0,1.0,67077,4,870.0,1,1,0,0,0,0,1,1,47.3997,9.5833
Hospital lvl3 General Hospitals 9K-30K beds,SG,Fürstenlandstrasse 32,9500.0,Wil SG,1.0,1.0,46827,4,505.0,1,1,0,0,0,0,0,0,,
Hospital lvl4 General Hospitals 6K-9K beds,SG,Brauerstrasse 95,9016.0,St. Gallen,1.0,1.0,61116,4,663.0,1,1,0,0,0,0,1,0,,
Hospital lvl4 General Hospitals 6K-9K beds,SG,Gasterstrasse 25,8730.0,Uznach,1.0,1.0,41797,3,367.0,1,1,0,0,0,1,1,1,47.2242,8.9839
Psychiatric hospital lvl1,SG,Zürcherstrasse 30,9500.0,Wil SG,1.0,1.0,78719,0,0.0,,,,,,,,,,
Psychiatric hospital lvl1,SG,,7312.0,Pfäfers,1.0,1.0,76751,0,0.0,,,,,,,,,46.9831,9.4997
Psychiatric hospital lvl2,SG,Sonnenhofstrasse 15,9608.0,Ganterschwil,1.0,1.0,168,0,0.0,,,,,,,,,,
Rehabilitation clinic,SG,Taminaplatz 1,7317.0,Valens,1.0,1.0,28808,0,0.0,,,,,,,,,,
Rehabilitation clinic,SG,Rorschacher Strasse 311,9016.0,St. Gallen,1.0,1.0,10396,0,0.0,,,,,,,,,,
clinic: Surgery,SG,Güterstrasse 21/23,8640.0,Rapperswil-Jona,1.0,1.0,9890,0,0.0,,,,,,,,,47.2286,8.8317
clinic: Surgery,SG,Bahnhofstrasse 123a,9244.0,Niederuzwil,1.0,1.0,568,0,0.0,,,,,,,,,,
clinic: Gynecology / Neonatology,SG,Lindenstrasse 71,9000.0,St. Gallen,1.0,1.0,1431,2,326.0,,,,,,,,,,
clinic: Pediatrics,SG,Claudiusstrasse 6,9006.0,St. Gallen,1.0,1.0,60798,0,43.0,0,1,0,0,0,0,0,0,,
clinic: Geriatrics,SG,Rorschacher Strasse 94,9000.0,St. Gallen,1.0,1.0,4613,0,0.0,,,,,,,,,,
Hospital lvl2 major cantonal hospital,SH,Geissbergstrasse 81,8208.0,Schaffhausen,1.0,1.0,181189,2,756.0,0,1,0,1,0,0,1,1,47.6965,8.6339
clinic: Surgery,SH,Rietstrasse 30,8200.0,Schaffhausen,1.0,1.0,1709,0,0.0,,,,,,,,,47.6965,8.6339
Hospital lvl2 major cantonal hospital,SO,Schöngrünstrasse 36a,4500.0,Solothurn,1.0,1.0,565166,10,1509.0,1,1,1,1,0,1,1,1,47.2081,7.5375
clinic: Surgery,SO,Leopoldstrasse 5,4500.0,Solothurn,1.0,1.0,1257,0,0.0,,,,,,,,,47.2081,7.5375
clinic: Miscellaneous,SO,Louis-Giroud­Strasse 20,4600.0,Olten,1.0,1.0,2653,0,0.0,,,,,,,,,47.3531,7.9078
Hospital lvl3 General Hospitals 9K-30K beds,SZ,Waldeggstrasse 10,6430.0,Schwyz,1.0,1.0,25856,2,431.0,0,0,0,0,0,0,1,1,47.0211,8.6536
Hospital lvl3 General Hospitals 9K-30K beds,SZ,Oberdorfstrasse 41,8853.0,Lachen SZ,1.0,1.0,68314,2,461.0,1,1,0,0,0,0,1,1,,
Hospital lvl4 General Hospitals 6K-9K beds,SZ,Spitalstrasse 28,8840.0,Einsiedeln,1.0,1.0,35229,2,234.0,0,1,0,0,0,0,0,0,47.1278,8.7431
Psychiatric hospital lvl2,SZ,Gersauerstrasse 8,6440.0,Brunnen,1.0,1.0,2122,0,0.0,,,,,,,,,,
Hospital lvl2 major cantonal hospital,TG,Waldeggstrasse 8a,8501.0,Frauenfeld,1.0,1.0,240576,9,2175.0,1,1,1,1,1,1,1,1,47.558,8.8964
Hospital lvl5 General Hospitals 3K-6K beds,TG,Weinbergstrasse 1,8280.0,Kreuzlingen,1.0,1.0,4733,0,0.0,0,0,0,0,0,0,1,0,47.6458,9.1783
Psychiatric hospital lvl1,TG,Seeblickstrasse 3,8596.0,Münsterlingen,1.0,1.0,36851,0,0.0,,,,,,,,,47.6313,9.2337
Psychiatric hospital lvl1,TG,Hauptstrasse 130,9573.0,Littenheid,1.0,1.0,51863,0,0.0,,,,,,,,,,
Psychiatric hospital lvl2,TG,Fohrenbergstrasse 23,8355.0,Aadorf,1.0,1.0,938,0,0.0,,,,,,,,,47.4939,8.8975
Rehabilitation clinic,TG,Hauptstrasse 2­4,8588.0,Zihlschlacht,1.0,1.0,11398,0,0.0,,,,,,,,,,
Rehabilitation clinic,TG,Dr. A. O. Fleisch­Strasse 3,8265.0,Mammern,1.0,1.0,2385,0,0.0,0,1,0,0,0,0,0,0,,
Rehabilitation clinic,TG,Kurhausstrasse 34,8374.0,Dussnang,1.0,1.0,9682,0,0.0,,,,,,,,,,
Rehabilitation clinic,TG,St. Katharinental,8253.0,Diessenhofen,1.0,1.0,2192,0,0.0,,,,,,,,,47.6833,8.7497
Rehabilitation clinic,TG,Seestrasse 101,8267.0,Berlingen,0.0,1.0,0,0,0.0,,,,,,,,,,
clinic: Surgery,TG,Bernrainstrasse 17,8280.0,Kreuzlingen,1.0,1.0,2393,0,0.0,0,1,0,0,0,0,0,0,47.6458,9.1783
clinic: Surgery,TG,Brückenstrasse 9,8280.0,Kreuzlingen,1.0,1.0,7737,0,0.0,,,,,,,,,47.6458,9.1783
Hospital lvl2 major cantonal hospital,TI,Viale Officina 3,6500.0,Bellinzona,1.0,1.0,566538,9,1237.0,1,1,1,1,1,1,1,1,46.1956,9.0238
Hospital lvl3 General Hospitals 9K-30K beds,TI,Via Moncucco 10,6900.0,Lugano,1.0,1.0,50095,0,0.0,1,1,0,0,1,0,1,0,46.0103,8.9625
Hospital lvl4 General Hospitals 6K-9K beds,TI,Via Stefano Franscini 4,6600.0,Locarno,1.0,1.0,21335,2,314.0,1,1,0,0,0,0,0,0,46.1664,8.7997
Hospital lvl4 General Hospitals 6K-9K beds,TI,Via Sant'Anna 1,6924.0,Sorengo,1.0,1.0,18631,4,691.0,1,1,0,0,0,0,0,0,46.0,8.9333
Hospital lvl4 General Hospitals 6K-9K beds,TI,Via Tesserete 48,6900.0,Lugano,1.0,1.0,15177,0,0.0,1,1,0,0,0,0,1,0,46.0103,8.9625
Psychiatric hospital lvl2,TI,Via Agostino Maspoli,6850.0,Mendrisio,1.0,1.0,4087,0,0.0,,,,,,,,,45.8667,8.9833
Psychiatric hospital lvl2,TI,Via al Parco 27,6644.0,Orselina,1.0,1.0,2964,0,0.0,,,,,,,,,,
Psychiatric hospital lvl2,TI,Via Ceresio 34b,6963.0,Pregassona,0.0,1.0,0,0,0.0,,,,,,,,,,
Psychiatric hospital lvl2,TI,,6980.0,Castelrotto,1.0,1.0,752,0,0.0,,,,,,,,,,
Rehabilitation clinic,TI,Via Crodolo 18,6614.0,Brissago,1.0,1.0,2051,0,0.0,,,,,,,,,46.1167,8.7
clinic: Surgery,TI,Via Grumo 16,6929.0,Gravesano,1.0,1.0,25047,0,0.0,1,1,0,0,0,0,1,0,46.05,8.9167
clinic: Miscellaneous,TI,Via Consiglio Mezzano 38,6644.0,Orselina,1.0,1.0,50,0,0.0,,,,,,,,,,
clinic: Miscellaneous,TI,Via al Parco 27,6644.0,Orselina,0.0,1.0,0,0,0.0,,,,,,,,,,
Hospital lvl4 General Hospitals 6K-9K beds,UR,Spitalstrasse 1,6460.0,Altdorf UR,1.0,1.0,71502,2,255.0,1,1,0,0,0,0,1,1,,
Hospital lvl1 university hospital,VD,Rue du Bugnon 21,1011.0,Lausanne,1.0,1.0,1395310,6,2533.0,1,1,1,1,1,0,1,1,46.5333,6.6333
Hospital lvl2 major cantonal hospital,VD,Route du Vieux Séquoia 20,1847.0,Rennaz,1.0,1.0,283026,6,1624.0,1,1,1,1,1,0,0,1,,
Hospital lvl2 major cantonal hospital,VD,Chemin du Crêt 2,1110.0,Morges,1.0,1.0,144361,4,1361.0,1,1,0,0,0,0,1,1,46.5094,6.4986
Hospital lvl2 major cantonal hospital,VD,Rue d'Entremonts 11,1400.0,Yverdon­les­Bains,1.0,1.0,206151,3,869.0,1,1,0,0,0,0,0,1,,
Hospital lvl3 General Hospitals 9K-30K beds,VD,Chemin Monastier 10,1260.0,Nyon,1.0,1.0,115856,2,452.0,1,1,0,0,0,0,0,1,46.382,6.2389
Hospital lvl3 General Hospitals 9K-30K beds,VD,Avenue d'Ouchy 31,1006.0,Lausanne,1.0,1.0,67707,2,438.0,1,1,0,1,1,1,1,1,46.5333,6.6333
Hospital lvl4 General Hospitals 6K-9K beds,VD,Avenue de la Colline 3,1530.0,Payerne,1.0,1.0,126146,3,545.0,1,1,0,0,0,0,0,1,46.8167,6.9333
Hospital lvl4 General Hospitals 6K-9K beds,VD,Avenue Vinet 30,1004.0,Lausanne,1.0,1.0,125517,1,302.0,1,1,1,1,0,0,1,0,46.5333,6.6333
Hospital lvl4 General Hospitals 6K-9K beds,VD,Rue de l_x0019_ Hôpital 3,1347.0,Le Sentier,1.0,1.0,11094,0,0.0,0,0,0,0,1,0,0,0,,
Hospital lvl5 General Hospitals 3K-6K beds,VD,Route du Muids 3,1272.0,Genolier,1.0,1.0,20074,0,0.0,1,1,1,1,1,0,1,0,46.4333,6.2167
Hospital lvl5 General Hospitals 3K-6K beds,VD,Rue des Rosiers 29,1450.0,Ste­Croix,1.0,1.0,12618,0,0.0,,,,,,,,,,
Hospital lvl5 General Hospitals 3K-6K beds,VD,Route de l'Hôpital 17,1660.0,Château­d'Oex,1.0,1.0,9090,0,0.0,0,1,0,0,0,0,0,1,,
Psychiatric hospital lvl2,VD,Route de Nant,1804.0,Corsier­sur­Vevey,1.0,1.0,66993,0,0.0,,,,,,,,,,
Psychiatric hospital lvl2,VD,Avenue de Bois­Bougy 8,1260.0,Nyon,1.0,1.0,4059,0,0.0,,,,,,,,,46.382,6.2389
Rehabilitation clinic,VD,La Lignière 5,1196.0,Gland,1.0,1.0,14743,0,0.0,,,,,,,,,46.4167,6.2667
Rehabilitation clinic,VD,Chemin des Colombaires 31,1096.0,Cully,1.0,1.0,2029,0,0.0,,,,,,,,,,
Rehabilitation clinic,VD,Route de Valmont,1823.0,Glion,1.0,1.0,1296,0,0.0,,,,,,,,,,
Rehabilitation clinic,VD,Avenue de Bois­Bougy 5,1260.0,Nyon,1.0,1.0,1930,0,0.0,,,,,,,,,46.382,6.2389
Rehabilitation clinic,VD,Route du Vignoble 60,1175.0,Lavigny,1.0,1.0,2026,0,0.0,,,,,,,,,,
clinic: Surgery,VD,Rue du Grammont 2,1815.0,Clarens,1.0,1.0,5835,0,0.0,0,0,0,0,0,1,0,0,,
clinic: Surgery,VD,Chemin des Allinges 10,1006.0,Lausanne,1.0,1.0,5385,0,0.0,1,1,0,0,0,0,0,0,46.5333,6.6333
clinic: Miscellaneous,VD,Chemin des Cuarroz 57,1807.0,Blonay,1.0,1.0,1557,0,0.0,,,,,,,,,46.4667,6.9
clinic: Miscellaneous,VD,Rue Bon-Port 27,1820.0,Montreux,0.0,1.0,0,0,0.0,,,,,,,,,46.4333,6.9167
clinic: Miscellaneous,VD,Rue du Lac 142,1815.0,Clarens,1.0,1.0,27713,0,0.0,1,1,0,0,0,0,0,0,,
clinic: Miscellaneous,VD,Avenue de France 15,1004.0,Lausanne,1.0,1.0,72035,0,0.0,0,0,0,0,0,0,1,0,46.5333,6.6333
Hospital lvl2 major cantonal hospital,VS,Avenue du Grand-Champsec 80,1950.0,Sion,1.0,1.0,379983,5,1443.0,1,1,1,1,1,0,1,1,46.2304,7.3661
Hospital lvl2 major cantonal hospital,VS,Pflanzettastrasse 8,3930.0,Visp,1.0,1.0,140265,3,668.0,1,1,0,0,0,1,0,1,46.2922,7.8828
Rehabilitation clinic,VS,Avenue du Grand­Champsec 90,1950.0,Sion,1.0,1.0,204391,0,0.0,,,,,,,,,46.2304,7.3661
Rehabilitation clinic,VS,Willy­Spühlerstrasse 2,3954.0,Leukerbad,1.0,1.0,1577,0,0.0,,,,,,,,,46.3833,7.6333
clinic: Surgery,VS,Rue de Pré­Fleuri 16,1950.0,Sion,1.0,1.0,9126,0,0.0,1,1,0,0,0,0,0,0,46.2304,7.3661
clinic: Surgery,VS,Route du Léman 29,1907.0,Saxon,1.0,1.0,5606,0,0.0,,,,,,,,,46.15,7.1667
Hospital lvl2 major cantonal hospital,ZG,Landhausstrasse 11,6340.0,Baar,1.0,1.0,214376,3,907.0,1,1,0,0,0,0,1,1,47.1956,8.5264
Hospital lvl4 General Hospitals 6K-9K beds,ZG,Rigistrasse 1,6330.0,Cham,1.0,1.0,32862,3,469.0,1,1,0,0,0,0,0,0,,
Psychiatric hospital lvl1,ZG,Widenstrasse 55,6317.0,Oberwil bei Zug,1.0,1.0,75162,0,0.0,,,,,,,,,,
Psychiatric hospital lvl2,ZG,Meisenbergstrasse 17,6300.0,Zug,1.0,1.0,878,0,0.0,,,,,,,,,47.1681,8.5169
Rehabilitation clinic,ZG,Höhenweg 71,6314.0,Unterägeri,1.0,1.0,16833,0,0.0,,,,,,,,,47.1386,8.5844
Hospital lvl1 university hospital,ZH,Rämistrasse 100,8091.0,Zürich,1.0,1.0,710457,8,1958.0,1,1,1,1,1,1,1,1,47.3786,8.54
Hospital lvl2 major cantonal hospital,ZH,Brauerstrasse 15,8400.0,Winterthur,1.0,1.0,318789,6,1448.0,1,1,1,1,1,1,1,1,47.4992,8.7267
Hospital lvl2 major cantonal hospital,ZH,Birmensdorferstrasse 497,8063.0,Zürich,1.0,1.0,185495,7,1983.0,1,1,0,1,1,0,1,0,47.3786,8.54
Hospital lvl2 major cantonal hospital,ZH,Witellikerstrasse 40,8008.0,Zürich,1.0,1.0,92214,3,837.0,1,1,1,1,1,0,1,1,47.3786,8.54
Hospital lvl2 major cantonal hospital,ZH,Tièchestrasse 99,8037.0,Zürich,1.0,1.0,43067,0,0.0,1,1,0,1,0,0,1,1,47.3786,8.54
Hospital lvl2 major cantonal hospital,ZH,Trichtenhauserstrasse 20,8125.0,Zollikerberg,1.0,1.0,57668,6,1962.0,1,1,0,0,0,0,1,1,,
Hospital lvl2 major cantonal hospital,ZH,Urdorferstrasse 100,8952.0,Schlieren,1.0,1.0,150282,5,956.0,1,1,0,0,0,1,1,0,47.3989,8.4497
Hospital lvl2 major cantonal hospital,ZH,Brunnenstrasse 42,8610.0,Uster,1.0,1.0,108040,4,738.0,0,1,0,0,0,0,0,1,47.3492,8.7192
Hospital lvl2 major cantonal hospital,ZH,Spitalstrasse 24,8180.0,Bülach,1.0,1.0,119260,4,1283.0,0,1,0,0,0,0,0,0,47.5189,8.5422
Hospital lvl2 major cantonal hospital,ZH,Asylstrasse 19,8810.0,Horgen,1.0,1.0,54014,3,649.0,1,1,0,0,0,0,0,1,47.2608,8.5975
Hospital lvl2 major cantonal hospital,ZH,Spitalstrasse 66,8620.0,Wetzikon ZH,1.0,1.0,114888,4,759.0,1,1,0,1,0,1,1,1,,
Hospital lvl3 General Hospitals 9K-30K beds,ZH,Asylstrasse 10,8708.0,Männedorf,1.0,1.0,106401,2,515.0,0,1,0,0,0,0,0,0,47.2553,8.6917
Hospital lvl3 General Hospitals 9K-30K beds,ZH,Seestrasse 220,8002.0,Zürich,1.0,1.0,45004,2,465.0,1,1,0,0,0,0,1,1,47.3786,8.54
Hospital lvl4 General Hospitals 6K-9K beds,ZH,Sonnenbergstrasse 27,8910.0,Affoltern am Albis,1.0,1.0,41702,0,0.0,0,1,0,0,0,0,0,0,47.2817,8.4502
Hospital lvl4 General Hospitals 6K-9K beds,ZH,Toblerstrasse 51,8044.0,Zürich,1.0,1.0,663,4,467.0,0,0,0,0,0,0,1,0,47.3786,8.54
Hospital lvl5 General Hospitals 3K-6K beds,ZH,Bergstrasse 16,8805.0,Richterswil,1.0,1.0,8899,2,340.0,,,,,,,,,47.2081,8.7058
Psychiatric hospital lvl1,ZH,Lenggstrasse 31,8032.0,Zürich,1.0,1.0,151123,0,0.0,,,,,,,,,47.3786,8.54
Psychiatric hospital lvl1,ZH,Schlösslistrasse 8,8618.0,Oetwil am See,1.0,1.0,37873,0,0.0,,,,,,,,,47.2708,8.7211
Psychiatric hospital lvl1,ZH,Wieshofstrasse 102,8408.0,Winterthur,1.0,1.0,76787,0,0.0,,,,,,,,,47.4992,8.7267
Psychiatric hospital lvl1,ZH,Alte Landstrasse 70,8802.0,Kilchberg ZH,1.0,1.0,22804,0,0.0,,,,,,,,,,
Psychiatric hospital lvl2,ZH,Islikonerstrasse 5,8548.0,Ellikon an der Thur,1.0,1.0,5826,0,0.0,,,,,,,,,,
Psychiatric hospital lvl2,ZH,Hohenegg 1,8706.0,Meilen,1.0,1.0,7391,0,0.0,,,,,,,,,47.2703,8.6411
Psychiatric hospital lvl2,ZH,Emil-Klöti-Strasse 14-18,8037.0,Zürich,1.0,1.0,1399,0,0.0,,,,,,,,,47.3786,8.54
Psychiatric hospital lvl2,ZH,Zum Park 20,8404.0,Winterthur,1.0,1.0,97,0,0.0,,,,,,,,,47.4992,8.7267
Rehabilitation clinic,ZH,Faltigbergstrasse 7,8636.0,Wald ZH,1.0,1.0,1626,0,0.0,,,,,,,,,,
Rehabilitation clinic,ZH,Trichtenhauserstrasse 20,8125.0,Zollikerberg,1.0,1.0,4933,0,0.0,,,,,,,,,,
Rehabilitation clinic,ZH,Grütstrasse 60,8802.0,Kilchberg ZH,1.0,1.0,3057,0,0.0,,,,,,,,,,
Rehabilitation clinic,ZH,Urdorferstrasse 100,8952.0,Schlieren,1.0,1.0,45,0,0.0,,,,,,,,,47.3989,8.4497
clinic: Surgery,ZH,Forchstrasse 340,8008.0,Zürich,1.0,1.0,91561,0,0.0,1,1,0,0,0,0,0,0,47.3786,8.54
clinic: Surgery,ZH,Lengghalde 2,8008.0,Zürich,1.0,1.0,114152,0,0.0,,,,,,,,,47.3786,8.54
clinic: Surgery,ZH,Schickstrasse 11,8400.0,Winterthur,1.0,1.0,2205,0,0.0,0,0,0,0,0,0,0,1,47.4992,8.7267
clinic: Surgery,ZH,Zürichstrasse 5,8180.0,Bülach,1.0,1.0,1230,0,0.0,,,,,,,,,47.5189,8.5422
clinic: Surgery,ZH,Bellerivestrasse 34,8008.0,Zürich,1.0,1.0,63,0,0.0,,,,,,,,,47.3786,8.54
clinic: Surgery,ZH,Hardturmstrasse 133,8005.0,Zürich,1.0,1.0,1681,0,0.0,,,,,,,,,47.3786,8.54
clinic: Surgery,ZH,Breitestrasse 11,8157.0,Dielsdorf,1.0,1.0,3634,0,0.0,,,,,,,,,47.4836,8.4542
clinic: Surgery,ZH,Dammstrasse 29,8702.0,Zollikon,1.0,1.0,820,0,0.0,,,,,,,,,47.3422,8.5783
clinic: Surgery,ZH,Brunngasse 6,8400.0,Winterthur,1.0,1.0,2010,0,,,,,,,,,,47.4992,8.7267
clinic: Gynecology / Neonatology,ZH,Schürlistrasse 3,8344.0,Bäretswil,1.0,1.0,2964,2,362.0,,,,,,,,,47.3369,8.8575
clinic: Gynecology / Neonatology,ZH,Badenerstrasse 177,8003.0,Zürich,1.0,1.0,1746,2,240.0,,,,,,,,,47.3786,8.54
clinic: Pediatrics,ZH,Steinwiesstrasse 75,8032.0,Zürich,1.0,1.0,103181,0,93.0,1,1,0,0,0,0,1,1,47.3786,8.54
clinic: Miscellaneous,ZH,Bleulerstrasse 60,8008.0,Zürich,1.0,1.0,32143,0,0.0,,,,,,,,,47.3786,8.54
clinic: Miscellaneous,ZH,Schreberweg 9,8044.0,Zürich,1.0,1.0,1223,0,0.0,,,,,,,,,47.3786,8.54
clinic: Miscellaneous,ZH,Konradstrasse 62,8005.0,Zürich,1.0,1.0,18893,0,0.0,,,,,,,,,47.3786,8.54
,,,,,,,19765787,354,77445.0,,,,,,,,,,
