year,Canton,hospital,street,zip,town,Hospital_type,Range_of_services,Number_of_outpatient_consultations,"Number_of_care_days_(inpatient,_without_discharge_day",Number_of_healthy_newborns_(inpatient_treatment),Number_of_operating_rooms,Number_of_delivery_rooms,MRI,CT,PET,CC,LB,Lito,Angio,Dia
2019,AG,Kantonsspital Aarau AG,Tellstrasse 25,5000,Aarau,Hospital lvl2,"Amb, Stat",534056,159740.0,1757.0,19,5,1,1,1,1,1,1,1,1
2019,AG,Kantonsspital Baden AG,Im Ergel,5404,Baden,Hospital lvl2,"Amb, Stat",244374,117386.0,1485.0,10,6,1,1,1,1,1,1,1,1
2019,AG,Hirslanden Klinik Aarau,Schänisweg 1,5000,Aarau,Hospital lvl2,"Amb, Stat",48864,48724.0,648.0,7,2,1,1,0,0,1,0,1,1
2019,AG,Gesundheitszentrum Fricktal,Riburgerstrasse 12,4310,Rheinfelden,Hospital lvl3,"Amb, Stat",65882,38155.0,432.0,6,2,1,1,0,0,0,0,0,0
2019,AG,Stiftung Spital Muri,Spitalstrasse 144,5630,Muri AG,Hospital lvl3,"Amb, Stat",90591,32466.0,536.0,5,2,1,1,0,0,0,0,0,1
2019,AG,Spital Zofingen AG,Mühlethalstrasse 27,4800,Zofingen,Hospital lvl4,"Amb, Stat",49559,26520.0,0.0,4,0,1,1,0,0,0,0,0,0
2019,AG,Asana Spital Leuggern AG,Kommendeweg 12,5316,Leuggern,Hospital lvl4,"Amb, Stat",9713,15508.0,759.0,2,3,0,0,0,0,0,0,0,0
2019,AG,Asana Spital Menziken AG,Spitalstrasse 1,5737,Menziken,Hospital lvl4,"Amb, Stat",12734,12004.0,0.0,3,0,0,1,0,0,0,0,0,0
2019,AG,Psychiatrische Dienste Aargau AG,Königsfelderstrasse 1,5210,Windisch,Psychiatric hospital lvl1,"Amb, Stat",115747,127500.0,0.0,0,0,0,0,0,0,0,0,0,0
2019,AG,Schützen Rheinfelden AG Klinik & Ambulatorium,Bahnhofstrasse 19,4310,Rheinfelden,Psychiatric hospital lvl2,"Amb, Stat",25332,32745.0,0.0,0,0,0,0,0,0,0,0,0,0
2019,AG,Klinik Im Hasel AG,Hasel 837,5728,Gontenschwil,Psychiatric hospital lvl2,"Amb, Stat",9886,19659.0,0.0,0,0,0,0,0,0,0,0,0,0
2019,AG,Klinik für Suchttherapie Drogenentzug / Übergang / Krisenintervention,Zürcherstrasse 52,5432,Neuenhof,Psychiatric hospital lvl2,"Amb, Stat",950,15698.0,0.0,0,0,0,0,0,0,0,0,0,0
2019,AG,Klinik für Schlafmedizin,Badstrasse 33,5330,Bad Zurzach,Psychiatric hospital lvl2,"Amb, Stat",5862,890.0,0.0,0,0,0,0,0,0,0,0,0,0
2019,AG,RehaClinic Zurzach,Quellenstrasse 34,5330,Bad Zurzach,Rehabilitation clinic,"Amb, Stat",40882,73347.0,0.0,0,0,0,0,0,0,0,0,0,0
2019,AG,Reha Rheinfelden,Salinenstrasse 98,4310,Rheinfelden,Rehabilitation clinic,"Amb, Stat",75514,67887.0,0.0,0,0,0,0,0,0,0,0,0,0
2019,AG,Klinik Barmelweid AG,0,5017,Barmelweid,Rehabilitation clinic,"Amb, Stat",18165,67127.0,0.0,0,0,0,0,0,0,0,0,0,0
2019,AG,Rehaklinik Bellikon,Mutschellenstrasse 2,5454,Bellikon,Rehabilitation clinic,"Amb, Stat",9957,64159.0,0.0,0,0,1,1,0,0,0,0,0,0
2019,AG,aarReha Schinznach Zentrum für Rehabilitation,Badstrasse 55,5116,Schinznach Bad,Rehabilitation clinic,"Amb, Stat",23349,39783.0,0.0,0,0,0,0,0,0,0,0,0,0
2019,AG,RehaClinic Baden,Bäderstrasse 16,5401,Baden,Rehabilitation clinic,"Amb, Stat",5911,21736.0,0.0,0,0,0,0,0,0,0,0,0,0
2019,AG,Bad Schinznach AG - Privat-Klinik Im Park,Badstrasse 50,5116,Schinznach Bad,Rehabilitation clinic,"Amb, Stat",10906,18595.0,0.0,0,0,0,0,0,0,0,0,0,0
2019,AG,Privatklinik SALINA Salina Medizin AG,Roberstenstrasse 31,4310,Rheinfelden,Rehabilitation clinic,"Amb, Stat",132616,9810.0,0.0,0,0,0,0,0,0,0,0,0,0
2019,AG,SMN - Klinik Villa im Park,Bernstrasse 84,4852,Rothrist,clinic: Miscellaneous,"Amb, Stat",926,4780.0,367.0,2,2,0,0,0,0,0,0,0,0
2019,AI,Kantonales Spital Appenzell,Sonnhalde 2,9050,Appenzell,Hospital lvl5,"Amb, Stat",5341,3762.0,0.0,2,0,0,0,0,0,0,0,0,0
2019,AI,Hof Weissbad AG Nachbehandlungs-Zentrum,Im Park 1,9057,Weissbad,Rehabilitation clinic,Stat,0,6219.0,0.0,0,0,0,0,0,0,0,0,0,0
2019,AR,"Spitalverbund Appenzell Ausserrhoden, Akutsomatisches Spital Heiden/Herisau",Krombach 3,9100,Herisau,Hospital lvl3,"Amb, Stat",47863,32284.0,1004.0,5,8,0,1,0,0,0,0,1,1
2019,AR,"Spitalverbund Appenzell Ausserrhoden, Psychiatrisches Zentrum",Krombach 3,9100,Herisau,Psychiatric hospital lvl2,"Amb, Stat",7703,23461.0,0.0,0,0,0,0,0,0,0,0,0,0
2019,AR,"Klinik Gais AG Kardiale Rehabilitation, Psychosomatik und Psychotherapie",Gäbrisstrasse 1172,9056,Gais,Rehabilitation clinic,"Amb, Stat",1704,46672.0,0.0,0,0,0,0,0,0,0,0,0,0
2019,AR,Stiftung Kliniken Valens - Rheinburg-Klinik,Dorf,9428,Walzenhausen,Rehabilitation clinic,"Amb, Stat",4343,22331.0,0.0,0,0,0,0,0,0,0,0,0,0
2019,AR,Berit Klinik AG,Vögelinsegg 5,9042,Speicher,clinic: Surgery,"Amb, Stat",10102,25031.0,0.0,6,0,0,0,0,0,0,0,0,0
2019,AR,Hirslanden Klinik Am Rosenberg AG,Hasenbühlstrasse 11,9410,Heiden,clinic: Surgery,"Amb, Stat",3044,10562.0,0.0,5,0,0,0,0,0,0,0,0,0
2019,BE,Insel Gruppe AG (universitär),Freiburgstrasse 18,3010,Bern,Hospital lvl1,"Amb, Stat",740996,270426.0,1428.0,37,5,1,1,1,1,1,1,1,1
2019,BE,Lindenhofgruppe AG,Bremgartenstrasse 117,3012,Bern,Hospital lvl2,"Amb, Stat",182062,115329.0,1980.0,20,6,1,1,0,1,1,1,1,1
2019,BE,Insel Gruppe AG (nicht-universitär),Freiburgstrasse 18,3010,Bern,Hospital lvl2,"Amb, Stat",124138,107839.0,382.0,12,3,1,1,0,0,0,0,0,1
2019,BE,Spital STS AG,Krankenhausstrasse 12,3600,Thun,Hospital lvl2,"Amb, Stat",226964,82413.0,1042.0,8,4,1,1,0,0,0,0,1,1
2019,BE,Hirslanden Bern AG,Schänzlihalde 11,3013,Bern,Hospital lvl2,"Amb, Stat",77964,81182.0,983.0,16,4,1,1,0,0,0,0,1,1
2019,BE,Spitalzentrum Biel AG,Vogelsang 84,2502,Biel,Hospital lvl2,"Amb, Stat",137168,66969.0,838.0,8,5,1,1,0,0,0,1,1,1
2019,BE,Regionalspital Emmental AG,Oberburgstrasse 54,3400,Burgdorf,Hospital lvl2,"Amb, Stat",172760,62434.0,684.0,7,3,1,1,0,0,0,0,1,1
2019,BE,Spitäler Frutigen Meiringen Interlaken AG,Weissenaustrasse 27,3800,Unterseen,Hospital lvl2,"Amb, Stat",62126,45560.0,521.0,7,4,1,1,0,0,0,0,0,1
2019,BE,SRO AG,St. Urbanstrasse 67,4900,Langenthal,Hospital lvl3,"Amb, Stat",204565,53104.0,648.0,6,4,1,1,0,0,0,0,0,1
2019,BE,Hôpital du Jura bernois SA,Les Fontenayes 17,2610,St­Imier,Hospital lvl3,"Amb, Stat",105071,40490.0,329.0,4,2,1,1,0,0,0,0,0,0
2019,BE,Hirslanden Klinik Linde AG,Blumenrain 105,2503,Biel,Hospital lvl3,"Amb, Stat",39962,26476.0,716.0,7,2,1,1,0,1,0,0,1,0
2019,BE,Siloah AG,Worbstrasse 316,3073,Gümligen,Hospital lvl4,"Amb, Stat",29040,28293.0,0.0,1,0,0,0,0,0,0,0,0,0
2019,BE,Hôpital de Moutier SA,Beausite 49,2740,Moutier,Hospital lvl5,"Amb, Stat",37809,11237.0,0.0,2,0,0,0,0,0,0,0,0,1
2019,BE,Stiftung Diaconis Palliative Care,Schänzlistrasse 15,3013,Bern,Hospital lvl5,Stat,0,3221.0,0.0,0,0,0,0,0,0,0,0,0,0
2019,BE,Universitäre Psychiatrische Dienste Bern (UPD) AG,Bolligenstrasse 111,3072,Ostermundigen,Psychiatric hospital lvl1,"Amb, Stat",58513,107051.0,0.0,0,0,0,0,0,0,0,0,0,0
2019,BE,PZM Psychiatriezentrum Münsingen AG,Hunzigenallee 1,3110,Münsingen,Psychiatric hospital lvl1,"Amb, Stat",11157,91304.0,0.0,0,0,0,0,0,0,0,0,0,0
2019,BE,Privatklinik Reichenbach bei Meiringen AG,Willigen,3860,Meiringen,Psychiatric hospital lvl1,"Amb, Stat",8370,59448.0,0.0,0,0,0,0,0,0,0,0,0,0
2019,BE,Privatklinik Wyss AG,Fellenbergstrasse 32,3053,Münchenbuchsee,Psychiatric hospital lvl2,"Amb, Stat",18140,35976.0,0.0,0,0,0,0,0,0,0,0,0,0
2019,BE,Stiftung südhang Klinik für Suchttherapien,Südhang 1,3038,Kirchlindach,Psychiatric hospital lvl2,"Amb, Stat",6655,21118.0,0.0,0,0,0,0,0,0,0,0,0,0
2019,BE,Stiftung für ganzheitliche Medizin,Weissensteinstrasse 30,4900,Langenthal,Psychiatric hospital lvl2,"Amb, Stat",17244,12931.0,0.0,0,0,0,0,0,0,0,0,0,0
2019,BE,Klinik Wysshölzli Marie Sollberger-Stiftung,Waldrandweg 19,3360,Herzogenbuchsee,Psychiatric hospital lvl2,"Amb, Stat",779,10916.0,0.0,0,0,0,0,0,0,0,0,0,0
2019,BE,Stiftung Klinik Selhofen,Emmentalstrasse 8,3400,Burgdorf,Psychiatric hospital lvl2,"Amb, Stat",3048,8822.0,0.0,0,0,0,0,0,0,0,0,0,0
2019,BE,Interessengemeinschaft Sozialpsychiatrie IGS (Verein),Bühlstrasse 19a,3012,Bern,Psychiatric hospital lvl2,"Amb, Stat",2293,2978.0,0.0,0,0,0,0,0,0,0,0,0,0
2019,BE,Berner Reha Zentrum AG,Schwendi 303,3625,Heiligenschwendi,Rehabilitation clinic,"Amb, Stat",170,57632.0,0.0,0,0,0,0,0,0,0,0,0,0
2019,BE,Fürsorgeverein Bethesda,Bethesda 8,3233,Tschugg,Rehabilitation clinic,"Amb, Stat",692,49857.0,0.0,0,0,0,0,0,0,0,0,0,0
2019,BE,Klinik Schönberg AG,Schönbergstrasse 40,3654,Gunten,Rehabilitation clinic,"Amb, Stat",5844,33458.0,0.0,0,0,0,0,0,0,0,0,0,0
2019,BE,Berner Klinik Montana (Stiftung),Postgasse 56,3011,Bern,Rehabilitation clinic,"Amb, Stat",3227,32432.0,0.0,0,0,0,0,0,0,0,0,0,0
2019,BE,Rehaklinik Hasliberg AG,Laueli 89b,6083,Hasliberg Hohfluh,Rehabilitation clinic,"Amb, Stat",5887,17888.0,0.0,0,0,0,0,0,0,0,0,0,0
2019,BE,Kurklinik Eden AG,Panoramastrasse 20,3854,Oberried am Brienzersee,Rehabilitation clinic,"Amb, Stat",1876,9865.0,0.0,0,0,0,0,0,0,0,0,0,0
2019,BE,SMN - Privatklinik Siloah,Worbstrasse 316,3073,Gümligen,clinic: Surgery,"Amb, Stat",2855,5810.0,0.0,4,0,0,0,0,0,0,0,0,0
2019,BE,Klinik Hohmad AG,Hohmadstrasse 1,3600,Thun,clinic: Surgery,"Amb, Stat",4398,3343.0,0.0,3,0,0,0,0,0,0,0,0,0
2019,BE,Geburtshaus Luna AG,Oberdorfstrasse 56,3072,Ostermundigen,clinic: Gynecology / Neonatology,"Amb, Stat",4087,2164.0,289.0,0,2,0,0,0,0,0,0,0,0
2019,BE,Genossenschaft Geburtshaus Simmental-Saaneland - Maternité Alpine,Eggetlistrasse 5a,3770,Zweisimmen,clinic: Gynecology / Neonatology,"Amb, Stat",976,678.0,78.0,0,1,0,0,0,0,0,0,0,0
2019,BL,Kantonsspital Baselland,Mühlemattstrasse 26,4410,Liestal,Hospital lvl2,"Amb, Stat",245931,164843.0,469.0,18,3,1,1,1,1,0,0,1,1
2019,BL,Klinik Arlesheim AG,Pfeffingerweg 1,4144,Arlesheim,Hospital lvl5,"Amb, Stat",61144,25997.0,0.0,0,0,0,0,0,0,0,0,0,0
2019,BL,Hospiz im Park,Stollenrain 12,4144,Arlesheim,Hospital lvl5,"Amb, Stat",64,2304.0,0.0,0,0,0,0,0,0,0,0,0,0
2019,BL,Psychiatrie Baselland,Bienentalstrasse 7,4410,Liestal,Psychiatric hospital lvl1,"Amb, Stat",66566,71866.0,0.0,0,0,0,0,0,0,0,0,0,0
2019,BL,Klinik ESTA,Gstadstrasse 42,4153,Reinach BL,Psychiatric hospital lvl2,Stat,0,5506.0,0.0,0,0,0,0,0,0,0,0,0,0
2019,BL,Hirslanden Klinik Birshof,Reinacherstrasse 28,4142,Münchenstein,clinic: Surgery,"Amb, Stat",67954,12808.0,0.0,5,0,1,1,0,0,0,0,0,0
2019,BL,Praxisklinik Rennbahn AG,Kriegackerstrasse 100,4132,Muttenz,clinic: Surgery,"Amb, Stat",68596,4797.0,0.0,2,0,0,0,0,0,0,0,0,0
2019,BL,Geburtshaus ambra GmbH,Unterdorfstrasse 25,4443,Wittinsburg,clinic: Gynecology / Neonatology,"Amb, Stat",656,483.0,72.0,0,2,0,0,0,0,0,0,0,0
2019,BL,Geburtshaus Tagmond GmbH,Hauptstrasse 26,4133,Pratteln,clinic: Gynecology / Neonatology,"Amb, Stat",390,342.0,57.0,0,1,0,0,0,0,0,0,0,0
2019,BL,Ergolz-Klinik,Hammerstrasse 35,4410,Liestal,clinic: Miscellaneous,"Amb, Stat",241,2441.0,0.0,2,0,0,0,0,0,0,0,0,0
2019,BL,Vista Klinik,Hauptstrasse 55,4102,Binningen,clinic: Miscellaneous,Stat,0,1088.0,0.0,4,0,0,0,0,0,0,0,0,0
2019,BS,Universitätsspital Basel,Hebelstrasse 32,4031,Basel,Hospital lvl1,"Amb, Stat",599476,224953.0,2394.0,30,8,1,1,1,1,1,0,1,1
2019,BS,St. Claraspital,Kleinriehenstrasse 30,4058,Basel,Hospital lvl2,"Amb, Stat",42249,67246.0,0.0,7,0,1,1,1,1,1,0,0,0
2019,BS,Bethesda Spital AG,Gellertstrasse 144,4052,Basel,Hospital lvl3,"Amb, Stat",121473,39488.0,1805.0,6,4,1,1,0,0,0,0,0,1
2019,BS,Universitäre Psychiatrische Kliniken Basel,Wilhelm­Klein­Strasse 27,4056,Basel,Psychiatric hospital lvl1,"Amb, Stat",233244,97209.0,0.0,0,0,0,0,0,0,0,0,0,0
2019,BS,Klinik Sonnenhalde,Gänshaldenweg 22,4125,Riehen,Psychiatric hospital lvl2,"Amb, Stat",9696,22665.0,0.0,0,0,0,0,0,0,0,0,0,0
2019,BS,REHAB Basel,Im Burgfelderhof 40,4055,Basel,Rehabilitation clinic,"Amb, Stat",5326,32295.0,0.0,0,0,0,0,0,0,0,0,0,0
2019,BS,Merian Iselin Klinik,Föhrenstrasse 2,4054,Basel,clinic: Surgery,"Amb, Stat",36104,27279.0,0.0,9,0,1,1,0,0,0,0,1,0
2019,BS,Matthea Geburtshaus,Klybeckstrasse 64/70,4057,Basel,clinic: Gynecology / Neonatology,"Amb, Stat",230,875.0,123.0,0,2,0,0,0,0,0,0,0,0
2019,BS,Geburtshaus Basel,Schweizergasse 8,4054,Basel,clinic: Gynecology / Neonatology,"Amb, Stat",342,9.0,0.0,0,0,0,0,0,0,0,0,0,0
2019,BS,Universitäts-Kinderspital beider Basel (UKBB),Spitalstrasse 33,4056,Basel,clinic: Pediatrics,"Amb, Stat",101675,31223.0,85.0,4,0,1,1,0,0,0,0,0,0
2019,BS,Felix Platter-Spital,Burgfelderstrasse 101,4055,Basel,clinic: Geriatrics,"Amb, Stat",25385,96775.0,0.0,0,0,0,1,0,0,0,0,0,0
2019,BS,Adullam Spital,Mittlere Strasse 15,4056,Basel,clinic: Geriatrics,"Amb, Stat",5960,35223.0,0.0,0,0,0,0,0,0,0,0,0,0
2019,BS,Palliativzentrum Hildegard,St. Alban­Ring 151,4052,Basel,clinic: Miscellaneous,Stat,0,6109.0,0.0,0,0,0,0,0,0,0,0,0,0
2019,BS,SMN - Schmerzklinik Basel,Hirschgässlein 11,4051,Basel,clinic: Miscellaneous,"Amb, Stat",23587,2681.0,0.0,2,0,0,1,0,0,0,0,0,0
2019,FR,HFR - Hôpital fribourgeois,Case postale,1708,Fribourg,Hospital lvl2,"Amb, Stat",526687,170226.0,939.0,18,4,1,1,1,1,1,0,1,1
2019,FR,Hôpital Jules Daler,Route de Bertigny 34,1700,Fribourg,Hospital lvl4,"Amb, Stat",3727,20704.0,1419.0,5,4,0,0,0,0,0,1,0,0
2019,FR,Réseau fribourgeois de santé mentale - RFSM Centre de soins hospitaliers,LHôpital 140,1633,Marsens,Psychiatric hospital lvl1,"Amb, Stat",60545,55941.0,0.0,0,0,0,0,0,0,0,0,0,0
2019,FR,SMN - Clinique Générale - Ste-Anne SA,Rue Hans­Geiler 6,1700,Fribourg,clinic: Surgery,"Amb, Stat",403,10644.0,0.0,4,0,0,0,0,0,0,0,0,0
2019,FR,Maison de Naissance le Petit Prince,Route du Petit­Moncor 1d,1752,Villars­sur­Glâne,clinic: Gynecology / Neonatology,"Amb, Stat",1757,991.0,161.0,0,0,0,0,0,0,0,0,0,0
2019,GE,Les Hôpitaux Universitaires de Genève HUG,Rue Gabrielle­Perret­Gentil 4,1205,Genève,Hospital lvl1,"Amb, Stat",1109781,625612.0,3453.0,39,12,1,1,1,1,1,1,1,1
2019,GE,Hôpital de la Tour,Avenue Jacob­Daniel Maillard 3,1217,Meyrin,Hospital lvl3,"Amb, Stat",319805,38104.0,445.0,8,4,1,1,1,1,1,0,1,1
2019,GE,Clinique des Grangettes SA,Chemin des Grangettes 7,1224,Chêne­Bougeries,Hospital lvl4,"Amb, Stat",77240,21252.0,739.0,0,0,0,0,0,0,0,0,0,0
2019,GE,Clinique Générale-Beaulieu,Chemin de Beau­Soleil 20,1206,Genève,Hospital lvl4,"Amb, Stat",24442,19831.0,638.0,9,4,1,1,0,0,0,1,1,0
2019,GE,Clinique du Grand-Salève Sàrl,Avenue du Grand-Salève 2,1255,Veyrier,Psychiatric hospital lvl2,Stat,0,10397.0,0.0,0,0,0,0,0,0,0,0,0,0
2019,GE,Clinique Belmont,Route de Chêne 26,1207,Genève,Psychiatric hospital lvl2,"Amb, Stat",4666,8376.0,0.0,0,0,0,0,0,0,0,0,0,0
2019,GE,Clinique de Maisonneuve SA,Avenue de Châtelaine 60­62,1219,Châtelaine,Rehabilitation clinic,Stat,0,14286.0,0.0,0,0,0,0,0,0,0,0,0,0
2019,GE,Clinique Les Hauts dAnières,Chemin des Courbes 9,1247,Anières,Rehabilitation clinic,"Amb, Stat",102,3259.0,0.0,0,0,0,0,0,0,0,0,0,0
2019,GE,Clinique la Colline,Avenue de Beau­Séjour 6,1206,Genève,clinic: Surgery,"Amb, Stat",21807,16160.0,0.0,6,0,0,0,0,0,0,0,0,0
2019,GE,Clinique de Carouge AG,Avenue Cardinal­Mermillod 1,1227,Carouge GE,clinic: Surgery,"Amb, Stat",27142,1451.0,0.0,0,0,0,0,0,0,0,0,0,0
2019,GE,Clinique de la Plaine,Rue Charles­Humbert 5,1205,Genève,clinic: Surgery,"Amb, Stat",1354,289.0,0.0,2,0,0,0,0,0,0,0,0,0
2019,GE,Maison de naissance La Roseraie,Chemin du Châtelet 3,1205,Genève,clinic: Gynecology / Neonatology,Stat,0,497.0,108.0,0,2,0,0,0,0,0,0,0,0
2019,GL,Kantonsspital Glarus,Burgstrasse 99,8750,Glarus,Hospital lvl4,"Amb, Stat",80504,29107.0,329.0,4,2,1,1,0,0,0,0,1,1
2019,GL,RehaClinic Braunwald,Niederschlachtstrasse 12,8784,Braunwald,Rehabilitation clinic,"Amb, Stat",729,11006.0,0.0,0,0,0,0,0,0,0,0,0,0
2019,GL,RehaClinic Glarus,Burgstrasse 99,8750,Glarus,Rehabilitation clinic,"Amb, Stat",0,4943.0,0.0,0,0,0,0,0,0,0,0,0,0
2019,GR,Kantonsspital Graubünden,Loestrasse 170,7000,Chur,Hospital lvl2,"Amb, Stat",409281,93484.0,940.0,12,5,1,1,1,1,1,1,1,1
2019,GR,Spital Oberengadin,Via Nouva 3,7503,Samedan,Hospital lvl4,"Amb, Stat",44310,11230.0,149.0,3,2,1,1,0,0,0,0,0,1
2019,GR,Flury Stiftung Spital Schiers,0,7220,Schiers,Hospital lvl4,"Amb, Stat",34335,10820.0,175.0,3,2,1,1,0,0,0,0,1,0
2019,GR,Regionalspital Surselva AG,Spitalstrasse 6,7130,Ilanz,Hospital lvl4,"Amb, Stat",14048,10521.0,144.0,2,2,1,1,0,0,0,0,0,0
2019,GR,Spital Davos AG Akutabteilung,Promenade 4,7270,Davos Platz,Hospital lvl4,"Amb, Stat",49664,7548.0,109.0,3,2,0,1,0,0,0,0,0,1
2019,GR,Center da Sanda Engiadina Bassa Ospidal dEngiadina Bassa,Via da lOspidal 280,7550,Scuol,Hospital lvl5,"Amb, Stat",10535,8400.0,35.0,2,1,0,1,0,0,0,0,0,0
2019,GR,Spital Thusis,Alte Strasse 31,7430,Thusis,Hospital lvl5,"Amb, Stat",23283,6275.0,137.0,2,2,0,1,0,0,0,0,0,0
2019,GR,Centro Sanitario Valposchiavo Ospedale San Sisto,Via da lUspedal 1000,7742,Poschiavo,Hospital lvl5,"Amb, Stat",2664,3304.0,27.0,1,1,0,0,0,0,0,0,0,0
2019,GR,Center da Sanadad Savognin SA,Stradung 52,7460,Savognin,Hospital lvl5,"Amb, Stat",18812,1160.0,0.0,2,0,0,1,0,0,0,0,0,0
2019,GR,Center da Sanda Val Müstair Akutabteilung,Sielva,7536,Sta. Maria V. M.,Hospital lvl5,"Amb, Stat",394,888.0,0.0,0,0,0,0,0,0,0,0,0,0
2019,GR,Centro Sanitario Bregaglia Reparto Acuto,Flin,7606,Promontogno,Hospital lvl5,"Amb, Stat",9855,650.0,0.0,0,0,0,0,0,0,0,0,0,0
2019,GR,Psychiatrische Dienste Graubünden,Loestrasse 220,7000,Chur,Psychiatric hospital lvl1,"Amb, Stat",90488,73642.0,0.0,0,0,0,0,0,0,0,0,0,0
2019,GR,Clinica Holistica Engiadina SA,Praz,7542,Susch,Psychiatric hospital lvl2,"Amb, Stat",2304,17209.0,0.0,0,0,0,0,0,0,0,0,0,0
2019,GR,Hochgebirgsklinik Davos AG,Herman­Burchard­Strasse 1,7265,Davos Wolfgang,Rehabilitation clinic,"Amb, Stat",7530,43428.0,0.0,0,0,0,0,0,0,0,0,0,0
2019,GR,Rehabilitationszentrum Seewis Klinik für Herz- & Kreislauferkrankungen,Schlossstrasse 1,7212,Seewis Dorf,Rehabilitation clinic,"Amb, Stat",2239,16348.0,0.0,0,0,0,0,0,0,0,0,0,0
2019,GR,reha andeer ag Rehabilitationsklinik,Veia Granda,7440,Andeer,Rehabilitation clinic,"Amb, Stat",5967,5171.0,0.0,0,0,0,0,0,0,0,0,0,0
2019,GR,Klinik Gut St. Moritz AG,Via Arona 34,7500,St. Moritz,clinic: Surgery,"Amb, Stat",22239,8653.0,0.0,4,0,1,0,0,0,0,0,0,0
2019,JU,Hôpital du Jura,Chemin de lHôpital 9a,2900,Porrentruy,Hospital lvl3,"Amb, Stat",170044,83912.0,588.0,5,3,1,1,0,0,0,0,0,1
2019,JU,Clinique le Noirmont,Chemin de Roc­Montès 20,2340,Le Noirmont,Rehabilitation clinic,"Amb, Stat",11764,28932.0,0.0,0,0,0,0,0,0,0,0,0,0
2019,JU,Maison de naissance Les Cigognes,Route Principale 21,2824,Vicques,clinic: Gynecology / Neonatology,"Amb, Stat",0,83.0,20.0,0,1,0,0,0,0,0,0,0,0
2019,LU,Luzerner Kantonsspital,Spitalstrasse,6004,Luzern,Hospital lvl2,"Amb, Stat",656869,241919.0,2799.0,46,10,1,1,1,1,1,1,1,1
2019,LU,Hirslanden Klinik St. Anna AG,St. Anna­Strasse 32,6006,Luzern,Hospital lvl2,"Amb, Stat",181261,64153.0,712.0,10,3,1,1,1,1,0,0,1,1
2019,LU,Luzerner Psychiatrie,Schafmattstrasse 1,4915,St. Urban,Psychiatric hospital lvl1,"Amb, Stat",113295,96868.0,0.0,0,0,0,0,0,0,0,0,0,0
2019,LU,Therapiezentrum Meggen,Rütliweg 1,6045,Meggen,Psychiatric hospital lvl2,"Amb, Stat",121,5470.0,0.0,0,0,0,0,0,0,0,0,0,0
2019,LU,Luzerner Höhenklinik Montana,Route de lAstoria 2,3963,Crans-Montana,Rehabilitation clinic,"Amb, Stat",933,20050.0,0.0,0,0,0,0,0,0,0,0,0,0
2019,LU,RehaClinic Sonnmatt Luzern,Hemschlenstrasse,6006,Luzern,Rehabilitation clinic,"Amb, Stat",2591,16909.0,0.0,0,0,0,0,0,0,0,0,0,0
2019,LU,Cereneo Schweiz AG Neurorehabilitationsklinik,Hertensteinstrasse 162,6353,Weggis,Rehabilitation clinic,"Amb, Stat",47,3560.0,0.0,0,0,1,0,0,0,0,0,0,0
2019,LU,Geburtshaus Terra Alta,Schellenrain 20,6208,Oberkirch LU,clinic: Gynecology / Neonatology,"Amb, Stat",2689,2937.0,430.0,0,2,0,0,0,0,0,0,0,0
2019,LU,Schweizer Paraplegiker-Zentrum Nottwil AG,Guido A. Zäch Strasse 1,6207,Nottwil,clinic: Miscellaneous,"Amb, Stat",64734,50588.0,0.0,3,0,1,1,0,0,0,0,0,0
2019,NE,Réseau hospitalier neuchâtelois RHNe,Maladière 45,2000,Neuchâtel,Hospital lvl2,"Amb, Stat",304536,132578.0,1287.0,9,5,1,1,1,1,1,0,1,0
2019,NE,SMN - Neuchâtel,Faubourg de lHôpital 81,2001,Neuchâtel,Hospital lvl5,"Amb, Stat",14017,9194.0,0.0,7,0,0,0,0,0,0,0,1,1
2019,NE,Clinique Volta SA,Rue Numa-Droz 185,2300,La Chaux­de­Fonds,Hospital lvl5,"Amb, Stat",2220,171.0,0.0,2,0,0,0,0,0,0,0,0,0
2019,NE,CNP Centre Neuchâtelois de psychiatrie,0,2017,Boudry,Psychiatric hospital lvl2,"Amb, Stat",115908,38885.0,0.0,0,0,0,0,0,0,0,0,0,0
2019,NE,Maison de Naissance Tilia Sàrl,Chemin des Valangines 9,2000,Neuchâtel,clinic: Gynecology / Neonatology,"Amb, Stat",0,282.0,54.0,0,1,0,0,0,0,0,0,0,0
2019,NW,Kantonsspital Nidwalden,Ennetmooserstrasse 19,6370,Stans,Hospital lvl4,"Amb, Stat",71981,24514.0,554.0,4,3,1,1,0,0,0,0,0,0
2019,NW,Bürgenstock Hotels AG - Waldhotel Health & Medical Excellence Rehabilitationsklinik,Bürgenstock 30,6363,Obbürgen,Rehabilitation clinic,Stat,0,3878.0,0.0,0,0,0,0,0,0,0,0,0,0
2019,NW,Geburtshaus Stans,Rosenweg 3,6370,Stans,clinic: Gynecology / Neonatology,"Amb, Stat",1574,650.0,84.0,0,1,0,0,0,0,0,0,0,0
2019,OW,Kantonsspital Obwalden,Brünigstrasse 181,6060,Sarnen,Hospital lvl3,"Amb, Stat",31558,14426.0,267.0,3,2,1,1,0,0,0,0,1,0
2019,SG,Kantonsspital St. Gallen,Rorschacher Strasse 95,9007,St. Gallen,Hospital lvl2,"Amb, Stat",526666,222502.0,1612.0,29,6,1,1,1,1,1,1,1,1
2019,SG,Spitalregion Rheintal Werdenberg Sarganserland,Alte Landstrasse 106,9445,Rebstein,Hospital lvl2,"Amb, Stat",74765,72337.0,994.0,9,6,1,1,0,0,0,0,1,1
2019,SG,Spitalregion Fürstenland Toggenburg,Fürstenlandstrasse 32,9500,Wil SG,Hospital lvl3,"Amb, Stat",50715,39833.0,587.0,4,4,1,1,0,0,0,0,0,0
2019,SG,Hirslanden Klinik Stephanshorn,Brauerstrasse 95,9016,St. Gallen,Hospital lvl4,"Amb, Stat",65049,32792.0,682.0,7,4,1,1,0,0,0,0,1,0
2019,SG,Spital Linth,Gasterstrasse 25,8730,Uznach,Hospital lvl4,"Amb, Stat",21721,24187.0,357.0,4,3,1,1,0,0,0,1,1,1
2019,SG,Psychiatrie St.Gallen Nord,Zürcherstrasse 30,9500,Wil SG,Psychiatric hospital lvl1,"Amb, Stat",74557,73072.0,0.0,0,0,0,0,0,0,0,0,0,0
2019,SG,Psychiatrie-Dienste Süd,0,7312,Pfäfers,Psychiatric hospital lvl1,"Amb, Stat",69839,48472.0,0.0,0,0,0,0,0,0,0,0,0,0
2019,SG,Klinik Sonnenhof Kinder- & Jugendpsychiatrisches Zentrum,Sonnenhofstrasse 15,9608,Ganterschwil,Psychiatric hospital lvl2,"Amb, Stat",173,13389.0,0.0,0,0,0,0,0,0,0,0,0,0
2019,SG,Kliniken Valens,Taminaplatz 1,7317,Valens,Rehabilitation clinic,"Amb, Stat",2824,72715.0,0.0,0,0,0,0,0,0,0,0,0,0
2019,SG,Oberwaid AG Kurhotel & Privatklinik,Rorschacher Strasse 311,9016,St. Gallen,Rehabilitation clinic,"Amb, Stat",3975,19331.0,0.0,0,0,0,0,0,0,0,0,0,0
2019,SG,Rosenklinik AG,Güterstrasse 21/23,8640,Rapperswil-Jona,clinic: Surgery,"Amb, Stat",12021,1942.0,0.0,2,0,0,0,0,0,0,0,0,0
2019,SG,Thurklinik AG,Bahnhofstrasse 123a,9244,Niederuzwil,clinic: Surgery,"Amb, Stat",653,1219.0,0.0,2,0,0,0,0,0,0,0,0,0
2019,SG,Geburtshaus St.Gallen GmbH,Lindenstrasse 71,9000,St. Gallen,clinic: Gynecology / Neonatology,"Amb, Stat",793,1180.0,182.0,0,2,0,0,0,0,0,0,0,0
2019,SG,Stiftung Ostschweizer Kinderspital,Claudiusstrasse 6,9006,St. Gallen,clinic: Pediatrics,"Amb, Stat",65751,22770.0,54.0,3,0,0,1,0,0,0,0,0,0
2019,SG,Geriatrische Klinik St. Gallen,Rorschacher Strasse 94,9000,St. Gallen,clinic: Geriatrics,"Amb, Stat",4812,27052.0,0.0,0,0,0,0,0,0,0,0,0,0
2019,SH,Spitäler Schaffhausen,Geissbergstrasse 81,8208,Schaffhausen,Hospital lvl2,"Amb, Stat",200738,82342.0,766.0,5,2,0,1,0,1,0,0,1,1
2019,SH,SMN - Privatklinik Belair,Rietstrasse 30,8200,Schaffhausen,clinic: Surgery,"Amb, Stat",1349,4266.0,0.0,2,0,0,0,0,0,0,0,0,0
2019,SO,Solothurner Spitäler AG,Schöngrünstrasse 36a,4500,Solothurn,Hospital lvl2,"Amb, Stat",506240,218194.0,1587.0,23,10,1,1,1,1,0,1,1,1
2019,SO,SMN - Privatklinik Obach,Leopoldstrasse 5,4500,Solothurn,clinic: Surgery,"Amb, Stat",1658,6606.0,0.0,3,0,0,0,0,0,0,0,0,0
2019,SO,Pallas Kliniken AG,Louis-Giroud­Strasse 20,4600,Olten,clinic: Miscellaneous,"Amb, Stat",2361,1826.0,0.0,3,0,0,0,0,0,0,0,0,0
2019,SZ,Spital Schwyz,Waldeggstrasse 10,6430,Schwyz,Hospital lvl3,"Amb, Stat",25991,31681.0,405.0,4,2,0,0,0,0,0,0,1,1
2019,SZ,Spital Lachen,Oberdorfstrasse 41,8853,Lachen SZ,Hospital lvl3,"Amb, Stat",87682,27148.0,457.0,4,2,1,1,0,0,0,0,1,1
2019,SZ,AMEOS Spital Einsiedeln AG,Spitalstrasse 28,8840,Einsiedeln,Hospital lvl4,"Amb, Stat",37900,15013.0,224.0,3,2,0,1,0,0,0,0,0,0
2019,SZ,AMEOS Seeklinikum Brunnen AG,Gersauerstrasse 8,6440,Brunnen,Psychiatric hospital lvl2,"Amb, Stat",1748,18825.0,0.0,0,0,0,0,0,0,0,0,0,0
2019,TG,Spital Thurgau AG Kantonsspitäler Frauenfeld & Münsterlingen,Waldeggstrasse 8a,8501,Frauenfeld,Hospital lvl2,"Amb, Stat",244737,144208.0,2222.0,18,10,1,1,1,1,1,1,1,1
2019,TG,Herz-Neuro-Zentrum Bodensee AG,Weinbergstrasse 1,8280,Kreuzlingen,Hospital lvl5,"Amb, Stat",5372,9581.0,0.0,2,0,0,0,0,0,0,0,1,0
2019,TG,Spital Thurgau AG Psychiatrische Klinik Münsterlingen,Seeblickstrasse 3,8596,Münsterlingen,Psychiatric hospital lvl1,"Amb, Stat",37371,84137.0,0.0,0,0,0,0,0,0,0,0,0,0
2019,TG,Clienia Littenheid AG Klinik für Psychiatrie und Psychotherapie,Hauptstrasse 130,9573,Littenheid,Psychiatric hospital lvl1,"Amb, Stat",45895,79727.0,0.0,0,0,0,0,0,0,0,0,0,0
2019,TG,Klinik Aadorf AG Klinische Psychotherapie,Fohrenbergstrasse 23,8355,Aadorf,Psychiatric hospital lvl2,"Amb, Stat",1431,14240.0,0.0,0,0,0,0,0,0,0,0,0,0
2019,TG,Rehaklinik Zihlschlacht AG Neurologisches Rehabilitationszentrum,Hauptstrasse 2­4,8588,Zihlschlacht,Rehabilitation clinic,"Amb, Stat",12792,47026.0,0.0,0,0,0,0,0,0,0,0,0,0
2019,TG,Klinik Schloss Mammern AG,Dr. A. O. Fleisch­Strasse 3,8265,Mammern,Rehabilitation clinic,"Amb, Stat",4090,41802.0,0.0,0,0,0,1,0,0,0,0,0,0
2019,TG,Rehaklinik Dussnang AG,Kurhausstrasse 34,8374,Dussnang,Rehabilitation clinic,"Amb, Stat",16276,34150.0,0.0,0,0,0,0,0,0,0,0,0,0
2019,TG,Spital Thurgau AG Klinik St. Katharinental,St. Katharinental,8253,Diessenhofen,Rehabilitation clinic,"Amb, Stat",2884,22176.0,0.0,0,0,0,0,0,0,0,0,0,0
2019,TG,Tertianum AG Klinik Tertianum Neutal,Seestrasse 101,8267,Berlingen,Rehabilitation clinic,Stat,0,8875.0,0.0,0,0,0,0,0,0,0,0,0,0
2019,TG,Klinik Seeschau AG,Bernrainstrasse 17,8280,Kreuzlingen,clinic: Surgery,"Amb, Stat",2527,7509.0,0.0,3,0,0,1,0,0,0,0,0,0
2019,TG,Venenklinik Bellevue AG,Brückenstrasse 9,8280,Kreuzlingen,clinic: Surgery,"Amb, Stat",8597,753.0,0.0,2,0,0,0,0,0,0,0,0,0
2019,TI,EOC Ente ospedaliero cantonale,Viale Officina 3,6500,Bellinzona,Hospital lvl2,"Amb, Stat",670004,287418.0,1473.0,24,9,1,1,1,1,1,1,1,1
2019,TI,Clinica Luganese Moncucco SA,Via Moncucco 10,6900,Lugano,Hospital lvl3,"Amb, Stat",57135,61662.0,0.0,6,0,1,1,0,0,1,0,1,0
2019,TI,SMN - Clinica SantAnna,Via SantAnna 1,6924,Sorengo,Hospital lvl4,"Amb, Stat",19172,13802.0,636.0,5,4,1,1,0,0,0,0,0,0
2019,TI,Clinica Santa Chiara SA,Via Stefano Franscini 4,6600,Locarno,Hospital lvl4,"Amb, Stat",22587,13616.0,214.0,4,2,1,1,0,0,0,0,0,0
2019,TI,Cardiocentro Ticino (CCT),Via Tesserete 48,6900,Lugano,Hospital lvl4,"Amb, Stat",19975,12242.0,0.0,3,0,1,1,0,0,0,0,1,0
2019,TI,Clinica psichiatrica cantonale,Via Agostino Maspoli,6850,Mendrisio,Psychiatric hospital lvl2,"Amb, Stat",4881,42377.0,0.0,0,0,0,0,0,0,0,0,0,0
2019,TI,Clinica Santa Croce SA,Via al Parco 27,6644,Orselina,Psychiatric hospital lvl2,"Amb, Stat",2029,29577.0,0.0,0,0,0,0,0,0,0,0,0,0
2019,TI,Clinica Viarnetto SA,Via Ceresio 34b,6963,Pregassona,Psychiatric hospital lvl2,Stat,0,14683.0,0.0,0,0,0,0,0,0,0,0,0,0
2019,TI,Ospedale Malcantonese Fondazione Giuseppe Rossi,0,6980,Castelrotto,Psychiatric hospital lvl2,"Amb, Stat",1649,8036.0,0.0,0,0,0,0,0,0,0,0,0,0
2019,TI,Clinica Hildebrand - Centro di riabilitazione Brissago,Via Crodolo 18,6614,Brissago,Rehabilitation clinic,"Amb, Stat",2470,42991.0,0.0,0,0,0,0,0,0,0,0,0,0
2019,TI,SMN - Clinica Ars Medica,Via Grumo 16,6929,Gravesano,clinic: Surgery,"Amb, Stat",30278,11132.0,0.0,5,0,1,1,0,0,0,0,1,0
2019,TI,Clinica Fondazione G. Varini,Via Consiglio Mezzano 38,6644,Orselina,clinic: Miscellaneous,"Amb, Stat",36,2605.0,0.0,0,0,0,0,0,0,0,0,0,0
2019,TI,Clinica Dr Spinedi c/o Clinica Santa Croce SA a.c.a. sig. Luca Santagostino,Via al Parco 27,6644,Orselina,clinic: Miscellaneous,Stat,0,1478.0,0.0,0,0,0,0,0,0,0,0,0,0
2019,UR,Kantonsspital Uri,Spitalstrasse 1,6460,Altdorf UR,Hospital lvl4,"Amb, Stat",68022,19296.0,262.0,3,2,1,1,0,0,0,0,1,1
2019,VD,CHUV Centre Hospitalier Universitaire Vaudois,Rue du Bugnon 21,1011,Lausanne,Hospital lvl1,"Amb, Stat",1425145,428756.0,2543.0,26,6,1,1,1,1,1,0,1,1
2019,VD,Hôpital Riviera-Chablais Vaud-Valais,Route du Vieux Séquoia 20,1847,Rennaz,Hospital lvl2,"Amb, Stat",287577,110615.0,1725.0,10,6,1,1,1,1,1,0,0,1
2019,VD,Etablissements Hospitaliers du Nord Vaudois (eHnv),Rue dEntremonts 11,1400,Yverdon­les­Bains,Hospital lvl2,"Amb, Stat",203809,91636.0,932.0,10,3,1,1,0,0,0,0,0,1
2019,VD,EHC Ensemble hospitalier de la Côte,Chemin du Crêt 2,1110,Morges,Hospital lvl2,"Amb, Stat",151536,81983.0,1309.0,7,4,1,1,0,0,0,0,1,1
2019,VD,Groupement Hospitalier de lOuest Lémanique (GHOL) SA,Chemin Monastier 10,1260,Nyon,Hospital lvl3,"Amb, Stat",110612,43323.0,518.0,5,2,1,1,0,0,0,0,0,1
2019,VD,Hirslanden Lausanne SA,Avenue dOuchy 31,1006,Lausanne,Hospital lvl3,"Amb, Stat",70097,38862.0,408.0,12,2,1,1,0,1,1,1,1,1
2019,VD,Hôpital Intercantonal de la Broye (HIB),Avenue de la Colline 3,1530,Payerne,Hospital lvl4,"Amb, Stat",124975,42950.0,531.0,4,3,1,1,0,0,0,0,0,1
2019,VD,Clinique de La Source,Avenue Vinet 30,1004,Lausanne,Hospital lvl4,"Amb, Stat",90530,24464.0,302.0,7,1,1,1,1,1,0,0,1,0
2019,VD,Clinique de Genolier,Route du Muids 3,1272,Genolier,Hospital lvl5,"Amb, Stat",24269,12198.0,0.0,4,0,1,1,1,1,1,0,1,0
2019,VD,Réseau Santé Balcon du Jura.vd (RSBJ),Rue des Rosiers 29,1450,Ste­Croix,Hospital lvl5,"Amb, Stat",30442,4080.0,0.0,1,0,0,0,0,0,0,0,0,0
2019,VD,Pôle santé du Pays-dEnhaut,Route de lHôpital 17,1660,Château­dOex,Hospital lvl5,"Amb, Stat",8354,3025.0,0.0,1,0,0,1,0,0,0,0,0,1
2019,VD,Secteur Psychiatrique Est Fondation de Nant,Route de Nant,1804,Corsier­sur­Vevey,Psychiatric hospital lvl2,"Amb, Stat",66807,28121.0,0.0,0,0,0,0,0,0,0,0,0,0
2019,VD,Clinique la Métairie SA,Avenue de Bois­Bougy 8,1260,Nyon,Psychiatric hospital lvl2,"Amb, Stat",244,21908.0,0.0,0,0,0,0,0,0,0,0,0,0
2019,VD,Clinique la Lignière,La Lignière 5,1196,Gland,Rehabilitation clinic,"Amb, Stat",30135,29933.0,0.0,0,0,0,0,0,0,0,0,0,0
2019,VD,Clinique Bois-Bougy Sàrl,Avenue de Bois­Bougy 5,1260,Nyon,Rehabilitation clinic,"Amb, Stat",168,21409.0,0.0,0,0,0,0,0,0,0,0,0,0
2019,VD,Hôpital de Lavaux,Chemin des Colombaires 31,1096,Cully,Rehabilitation clinic,"Amb, Stat",2241,18852.0,0.0,0,0,0,0,0,0,0,0,0,0
2019,VD,Clinique Valmont,Route de Valmont,1823,Glion,Rehabilitation clinic,"Amb, Stat",1511,13159.0,0.0,0,0,0,0,0,0,0,0,0,0
2019,VD,Institution de Lavigny,Route du Vignoble 60,1175,Lavigny,Rehabilitation clinic,"Amb, Stat",2574,12805.0,0.0,0,0,0,0,0,0,0,0,0,0
2019,VD,Clinique CIC Riviera,Rue du Grammont 2,1815,Clarens,clinic: Surgery,"Amb, Stat",3679,5725.0,0.0,6,0,0,0,0,0,0,1,0,0
2019,VD,Clinique de Montchoisi,Chemin des Allinges 10,1006,Lausanne,clinic: Surgery,"Amb, Stat",5646,2321.0,0.0,5,0,1,1,0,0,0,0,0,0
2019,VD,Clinique la Prairie SA,Rue du Lac 142,1815,Clarens,clinic: Miscellaneous,"Amb, Stat",32279,6988.0,0.0,2,0,1,1,0,0,0,0,0,0
2019,VD,Fondation Rive-Neuve - Unité de Soins Palliatifs,Chemin des Cuarroz 57,1807,Blonay,clinic: Miscellaneous,"Amb, Stat",535,4208.0,0.0,0,0,0,0,0,0,0,0,0,0
2019,VD,"Biotonus, Clinique Bon-Port SA centre de soins médicaux & esthétiques",Rue Bon-Port 27,1820,Montreux,clinic: Miscellaneous,Stat,0,2847.0,0.0,0,0,0,0,0,0,0,0,0,0
2019,VD,Hôpital Ophtalmique Jules Gonin Fondation Asile des Aveugles,Avenue de France 15,1004,Lausanne,clinic: Miscellaneous,"Amb, Stat",77627,2033.0,0.0,4,0,0,0,0,0,0,0,1,0
2019,VS,Hôpital du Valais - Centre hospitalier du Valais Romand CHVR,Avenue du Grand-Champsec 80,1950,Sion,Hospital lvl2,"Amb, Stat",376843,259965.0,1421.0,13,5,1,1,1,1,1,1,1,1
2019,VS,Spital Wallis - Spitalzentrum Oberwallis (SZO),Pflanzettastrasse 8,3930,Visp,Hospital lvl2,"Amb, Stat",134279,95696.0,627.0,7,3,1,1,0,0,0,1,0,1
2019,VS,Clinique romande de réadaptation CRR (Suva),Avenue du Grand­Champsec 90,1950,Sion,Rehabilitation clinic,"Amb, Stat",189669,41613.0,0.0,0,0,0,0,0,0,0,0,0,0
2019,VS,Leukerbad Clinic RZL Rehabilitationszentrum Leukerbad Clinic AG,Willy­Spühlerstrasse 2,3954,Leukerbad,Rehabilitation clinic,"Amb, Stat",2243,18028.0,0.0,0,0,0,0,0,0,0,0,0,0
2019,VS,SMN - Clinique de Valère,Rue de Pré­Fleuri 16,1950,Sion,clinic: Surgery,"Amb, Stat",7661,7554.0,0.0,5,0,1,1,0,0,0,0,0,0
2019,VS,Clinique CIC Valais SA,Route du Léman 29,1907,Saxon,clinic: Surgery,"Amb, Stat",6273,4455.0,0.0,0,0,0,0,0,0,0,0,0,0
2019,ZG,Zuger Kantonsspital AG,Landhausstrasse 11,6340,Baar,Hospital lvl2,"Amb, Stat",190658,49301.0,946.0,5,3,1,1,0,0,0,0,1,1
2019,ZG,Andreas Klinik,Rigistrasse 1,6330,Cham,Hospital lvl4,"Amb, Stat",31447,16645.0,406.0,4,3,1,1,0,0,0,0,0,0
2019,ZG,Triaplus AG,Widenstrasse 55,6317,Oberwil bei Zug,Psychiatric hospital lvl1,"Amb, Stat",79070,43185.0,0.0,0,0,0,0,0,0,0,0,0,0
2019,ZG,Klinik Meissenberg AG,Meisenbergstrasse 17,6300,Zug,Psychiatric hospital lvl2,"Amb, Stat",753,24520.0,0.0,0,0,0,0,0,0,0,0,0,0
2019,ZG,Klinik Adelheid AG,Höhenweg 71,6314,Unterägeri,Rehabilitation clinic,"Amb, Stat",19179,42224.0,0.0,0,0,0,0,0,0,0,0,0,0
2019,ZH,Universitätsspital Zürich,Rämistrasse 100,8091,Zürich,Hospital lvl1,"Amb, Stat",694151,286263.0,2182.0,34,8,1,1,1,1,1,1,1,1
2019,ZH,Kantonsspital Winterthur,Brauerstrasse 15,8400,Winterthur,Hospital lvl2,"Amb, Stat",209040,136807.0,1479.0,15,6,1,1,1,1,1,1,1,1
2019,ZH,Stadtspital Triemli,Birmensdorferstrasse 497,8063,Zürich,Hospital lvl2,"Amb, Stat",200379,123630.0,1851.0,12,7,1,1,0,1,1,0,1,0
2019,ZH,Klinik Hirslanden AG,Witellikerstrasse 40,8008,Zürich,Hospital lvl2,"Amb, Stat",91096,101930.0,800.0,14,3,1,1,1,1,1,0,1,1
2019,ZH,Spital Uster,Brunnenstrasse 42,8610,Uster,Hospital lvl2,"Amb, Stat",96334,57483.0,805.0,5,4,0,1,0,0,0,0,0,1
2019,ZH,Stadtspital Waid,Tièchestrasse 99,8037,Zürich,Hospital lvl2,"Amb, Stat",46133,56403.0,0.0,5,0,1,1,0,1,0,0,1,1
2019,ZH,Spital Limmattal,Urdorferstrasse 100,8952,Schlieren,Hospital lvl2,"Amb, Stat",137734,54880.0,936.0,8,5,1,1,0,0,0,1,1,0
2019,ZH,Spital Zollikerberg,Trichtenhauserstrasse 20,8125,Zollikerberg,Hospital lvl2,"Amb, Stat",63463,53321.0,1891.0,7,6,1,1,0,0,0,0,1,1
2019,ZH,Spital Bülach AG,Spitalstrasse 24,8180,Bülach,Hospital lvl2,"Amb, Stat",122893,52410.0,1278.0,5,4,0,1,0,0,0,0,0,0
2019,ZH,See-Spital,Asylstrasse 19,8810,Horgen,Hospital lvl2,"Amb, Stat",56889,47167.0,663.0,8,3,1,1,0,0,0,0,0,1
2019,ZH,GZO Spital Wetzikon,Spitalstrasse 66,8620,Wetzikon ZH,Hospital lvl2,"Amb, Stat",116476,41997.0,783.0,4,4,1,1,0,1,0,1,1,1
2019,ZH,Spital Männedorf AG,Asylstrasse 10,8708,Männedorf,Hospital lvl3,"Amb, Stat",84556,42256.0,545.0,5,2,0,1,0,0,0,0,0,0
2019,ZH,Klinik Im Park,Seestrasse 220,8002,Zürich,Hospital lvl3,"Amb, Stat",44002,27140.0,463.0,8,2,1,1,0,0,0,0,1,1
2019,ZH,Spital Affoltern AG,Sonnenbergstrasse 27,8910,Affoltern am Albis,Hospital lvl4,"Amb, Stat",35691,28150.0,251.0,2,1,0,1,0,0,0,0,0,0
2019,ZH,Privatklinik Bethanien - GSMN Schweiz AG,Toblerstrasse 51,8044,Zürich,Hospital lvl4,"Amb, Stat",1716,18921.0,461.0,5,4,0,0,0,0,0,0,1,0
2019,ZH,Paracelsus-Spital Richterswil AG,Bergstrasse 16,8805,Richterswil,Hospital lvl5,"Amb, Stat",14182,7997.0,366.0,3,2,0,1,0,0,0,0,0,0
2019,ZH,Psychiatrische Universitäts-Klinik Zürich,Lenggstrasse 31,8032,Zürich,Psychiatric hospital lvl1,"Amb, Stat",145571,172621.0,0.0,0,0,0,0,0,0,0,0,0,0
2019,ZH,Integrierte Psychiatrie Winterthur IPW,Wieshofstrasse 102,8408,Winterthur,Psychiatric hospital lvl1,"Amb, Stat",76273,80876.0,0.0,0,0,0,0,0,0,0,0,0,0
2019,ZH,Clienia Schlössli AG,Schlösslistrasse 8,8618,Oetwil am See,Psychiatric hospital lvl1,"Amb, Stat",34173,76212.0,0.0,0,0,0,0,0,0,0,0,0,0
2019,ZH,Sanatorium Kilchberg,Alte Landstrasse 70,8802,Kilchberg ZH,Psychiatric hospital lvl1,"Amb, Stat",22915,60586.0,0.0,0,0,0,0,0,0,0,0,0,0
2019,ZH,Forel Klinik AG,Islikonerstrasse 5,8548,Ellikon an der Thur,Psychiatric hospital lvl2,"Amb, Stat",6507,31070.0,0.0,0,0,0,0,0,0,0,0,0,0
2019,ZH,Privatklinik Hohenegg AG,Hohenegg 1,8706,Meilen,Psychiatric hospital lvl2,"Amb, Stat",5100,21647.0,0.0,0,0,0,0,0,0,0,0,0,0
2019,ZH,Modellstation SOMOSA,Zum Park 20,8404,Winterthur,Psychiatric hospital lvl2,"Amb, Stat",105,5391.0,0.0,0,0,0,0,0,0,0,0,0,0
2019,ZH,Suchtfachklinik Zürich,Emil-Klöti-Strasse 14-18,8037,Zürich,Psychiatric hospital lvl2,"Amb, Stat",1804,3344.0,0.0,0,0,0,0,0,0,0,0,0,0
2019,ZH,Zürcher RehaZentren,Faltigbergstrasse 7,8636,Wald ZH,Rehabilitation clinic,"Amb, Stat",2081,81628.0,0.0,0,0,0,0,0,0,0,0,0,0
2019,ZH,RehaClinic Kilchberg,Grütstrasse 60,8802,Kilchberg ZH,Rehabilitation clinic,"Amb, Stat",3124,11419.0,0.0,0,0,0,0,0,0,0,0,0,0
2019,ZH,RehaClinic Zollikerberg,Trichtenhauserstrasse 20,8125,Zollikerberg,Rehabilitation clinic,"Amb, Stat",6515,11164.0,0.0,0,0,0,0,0,0,0,0,0,0
2019,ZH,RehaClinic Limmattal,Urdorferstrasse 100,8952,Schlieren,Rehabilitation clinic,"Amb, Stat",0,938.0,0.0,0,0,0,0,0,0,0,0,0,0
2019,ZH,Universitätsklinik Balgrist,Forchstrasse 340,8008,Zürich,clinic: Surgery,"Amb, Stat",89565,41627.0,0.0,6,0,1,1,0,0,0,0,0,0
2019,ZH,Schulthess Klinik,Lengghalde 2,8008,Zürich,clinic: Surgery,"Amb, Stat",121253,32509.0,0.0,10,0,0,0,0,0,0,0,0,0
2019,ZH,Privatklinik Lindberg - GSMN Schweiz AG,Schickstrasse 11,8400,Winterthur,clinic: Surgery,"Amb, Stat",1757,6103.0,0.0,4,0,0,0,0,0,0,0,0,1
2019,ZH,Uroviva Klinik AG,Zürichstrasse 5,8180,Bülach,clinic: Surgery,"Amb, Stat",1211,3853.0,0.0,2,0,0,0,0,0,0,0,0,0
2019,ZH,Klinik Pyramide am See AG,Bellerivestrasse 34,8008,Zürich,clinic: Surgery,"Amb, Stat",12,3823.0,0.0,5,0,0,0,0,0,0,0,0,0
2019,ZH,Limmatklinik AG,Hardturmstrasse 133,8005,Zürich,clinic: Surgery,"Amb, Stat",2075,3107.0,0.0,4,0,0,0,0,0,0,0,0,0
2019,ZH,Adus Medica AG,Breitestrasse 11,8157,Dielsdorf,clinic: Surgery,"Amb, Stat",3020,1697.0,0.0,3,0,0,0,0,0,0,0,0,0
2019,ZH,Klinik Tiefenbrunnen AG,Dammstrasse 29,8702,Zollikon,clinic: Surgery,"Amb, Stat",1013,144.0,0.0,1,0,0,0,0,0,0,0,0,0
2019,ZH,Eulachklinik AG,Brunngasse 6,8400,Winterthur,clinic: Surgery,"Amb, Stat",1439,0.0,0.0,2,0,0,0,0,0,0,0,0,0
2019,ZH,Geburtshaus Zürcher Oberland AG,Schürlistrasse 3,8344,Bäretswil,clinic: Gynecology / Neonatology,"Amb, Stat",3183,3218.0,384.0,0,2,0,0,0,0,0,0,0,0
2019,ZH,Geburtshaus Delphys,Badenerstrasse 177,8003,Zürich,clinic: Gynecology / Neonatology,"Amb, Stat",1585,1646.0,237.0,0,2,0,0,0,0,0,0,0,0
2019,ZH,Universitäts-Kinderspital Zürich - Das Spital der Eleonorenstiftung,Steinwiesstrasse 75,8032,Zürich,clinic: Pediatrics,"Amb, Stat",193621,59834.0,91.0,5,0,1,1,0,0,0,0,1,1
2019,ZH,Klinik Lengg AG,Bleulerstrasse 60,8008,Zürich,clinic: Miscellaneous,"Amb, Stat",36242,20329.0,0.0,0,0,0,0,0,0,0,0,0,0
2019,ZH,Klinik Susenberg,Schreberweg 9,8044,Zürich,clinic: Miscellaneous,"Amb, Stat",1407,8430.0,0.0,0,0,0,0,0,0,0,0,0,0
2019,ZH,Sune-Egge,Konradstrasse 62,8005,Zürich,clinic: Miscellaneous,"Amb, Stat",19390,5344.0,0.0,0,0,0,0,0,0,0,0,0,0
2019,0,Clinique des Vergers SA,Chemin de la Planche 1,1217,Meyrin,0,0,0,0.0,0.0,0,0,0,0,0,0,0,0,0,0
2019,0,Pôle santé Vallée de Joux Hôpital de la Vallée de Joux,Rue de l_x0019_ Hôpital 3,1347,Le Sentier,0,0,0,0.0,0.0,0,0,0,0,0,0,0,0,0,0
2019,0,Ganze Schweiz,0,0,0,0,0,20084516,11615951.0,78501.0,1027,351,0,0,0,0,0,0,0,0
2020,AG,Kantonsspital Aarau AG,Tellstrasse 25,5000,Aarau,Hospital lvl2,"Amb, Stat",541775,145106.0,1876.0,19,5,1,1,1,1,1,1,1,1
2020,AG,Kantonsspital Baden AG,Im Ergel,5404,Baden,Hospital lvl2,"Amb, Stat",251186,112321.0,1488.0,10,5,1,1,1,1,1,1,1,1
2020,AG,Hirslanden Klinik Aarau,Schänisweg 1,5000,Aarau,Hospital lvl2,"Amb, Stat",50917,44022.0,698.0,7,2,1,1,0,0,1,0,1,1
2020,AG,Gesundheitszentrum Fricktal,Riburgerstrasse 12,4310,Rheinfelden,Hospital lvl3,"Amb, Stat",77930,34486.0,411.0,6,2,1,1,0,0,0,0,0,0
2020,AG,Stiftung Spital Muri,Spitalstrasse 144,5630,Muri AG,Hospital lvl3,"Amb, Stat",98592,31190.0,613.0,5,2,1,1,0,0,0,0,0,1
2020,AG,Spital Zofingen AG,Mühlethalstrasse 27,4800,Zofingen,Hospital lvl4,"Amb, Stat",44349,24204.0,0.0,4,0,1,1,0,0,0,0,0,0
2020,AG,Asana Spital Leuggern AG,Kommendeweg 12,5316,Leuggern,Hospital lvl4,"Amb, Stat",12917,13443.0,698.0,2,3,0,0,0,0,0,0,0,0
2020,AG,Asana Spital Menziken AG,Spitalstrasse 1,5737,Menziken,Hospital lvl4,"Amb, Stat",16154,10765.0,0.0,3,0,0,1,0,0,0,0,0,0
2020,AG,Psychiatrische Dienste Aargau AG,Königsfelderstrasse 1,5210,Windisch,Psychiatric hospital lvl1,"Amb, Stat",118257,133846.0,0.0,0,0,0,0,0,0,0,0,0,0
2020,AG,Schützen Rheinfelden AG Klinik & Ambulatorium,Bahnhofstrasse 19,4310,Rheinfelden,Psychiatric hospital lvl2,"Amb, Stat",29326,31654.0,0.0,0,0,0,0,0,0,0,0,0,0
2020,AG,Klinik Im Hasel AG,Hasel 837,5728,Gontenschwil,Psychiatric hospital lvl2,"Amb, Stat",11164,20529.0,0.0,0,0,0,0,0,0,0,0,0,0
2020,AG,Klinik für Suchttherapie Drogenentzug / Übergang / Krisenintervention,Zürcherstrasse 52,5432,Neuenhof,Psychiatric hospital lvl2,"Amb, Stat",950,16376.0,0.0,0,0,0,0,0,0,0,0,0,0
2020,AG,Klinik für Schlafmedizin,Badstrasse 33,5330,Bad Zurzach,Psychiatric hospital lvl2,"Amb, Stat",5701,686.0,0.0,0,0,0,0,0,0,0,0,0,0
2020,AG,Klinik Barmelweid AG,0,5017,Barmelweid,Rehabilitation clinic,"Amb, Stat",20140,79156.0,0.0,0,0,0,0,0,0,0,0,0,0
2020,AG,Rehaklinik Bellikon,Mutschellenstrasse 2,5454,Bellikon,Rehabilitation clinic,"Amb, Stat",18158,71355.0,0.0,0,0,1,1,0,0,0,0,0,0
2020,AG,RehaClinic Zurzach,Quellenstrasse 34,5330,Bad Zurzach,Rehabilitation clinic,"Amb, Stat",38404,71077.0,0.0,0,0,0,0,0,0,0,0,0,0
2020,AG,Reha Rheinfelden,Salinenstrasse 98,4310,Rheinfelden,Rehabilitation clinic,"Amb, Stat",70984,68899.0,0.0,0,0,0,0,0,0,0,0,0,0
2020,AG,aarReha Schinznach Zentrum für Rehabilitation,Badstrasse 55,5116,Schinznach Bad,Rehabilitation clinic,"Amb, Stat",27965,41607.0,0.0,0,0,0,0,0,0,0,0,0,0
2020,AG,RehaClinic Baden,Bäderstrasse 16,5401,Baden,Rehabilitation clinic,"Amb, Stat",5743,21068.0,0.0,0,0,0,0,0,0,0,0,0,0
2020,AG,Bad Schinznach AG - Privat-Klinik Im Park,Badstrasse 50,5116,Schinznach Bad,Rehabilitation clinic,"Amb, Stat",9555,17266.0,0.0,0,0,0,0,0,0,0,0,0,0
2020,AG,Privatklinik SALINA Salina Medizin AG,Roberstenstrasse 31,4310,Rheinfelden,Rehabilitation clinic,"Amb, Stat",109399,9802.0,0.0,0,0,0,0,0,0,0,0,0,0
2020,AG,SMN - Klinik Villa im Park,Bernstrasse 84,4852,Rothrist,clinic: Miscellaneous,"Amb, Stat",616,5079.0,390.0,2,2,0,0,0,0,0,0,0,0
2020,AI,Kantonales Spital Appenzell,Sonnhalde 2,9050,Appenzell,Hospital lvl5,"Amb, Stat",5947,3062.0,0.0,2,0,0,0,0,0,0,0,0,0
2020,AI,Hof Weissbad AG Nachbehandlungs-Zentrum,Im Park 1,9057,Weissbad,Rehabilitation clinic,Stat,0,6558.0,0.0,0,0,0,0,0,0,0,0,0,0
2020,AR,"Spitalverbund Appenzell Ausserrhoden, Akutsomatisches Spital Heiden/Herisau",Krombach 3,9100,Herisau,Hospital lvl3,"Amb, Stat",45776,29483.0,993.0,5,8,0,1,0,0,0,0,1,1
2020,AR,"Spitalverbund Appenzell Ausserrhoden, Psychiatrisches Zentrum",Krombach 3,9100,Herisau,Psychiatric hospital lvl2,"Amb, Stat",7870,20329.0,0.0,0,0,0,0,0,0,0,0,0,0
2020,AR,"Klinik Gais AG Kardiale Rehabilitation, Psychosomatik und Psychotherapie",Gäbrisstrasse 1172,9056,Gais,Rehabilitation clinic,"Amb, Stat",1789,49785.0,0.0,0,0,0,0,0,0,0,0,0,0
2020,AR,Stiftung Kliniken Valens - Rheinburg-Klinik,Dorf,9428,Walzenhausen,Rehabilitation clinic,"Amb, Stat",3451,22006.0,0.0,0,0,0,0,0,0,0,0,0,0
2020,AR,Berit Klinik AG,Vögelinsegg 5,9042,Speicher,clinic: Surgery,"Amb, Stat",10915,24025.0,0.0,6,0,0,0,0,0,0,0,0,0
2020,AR,Hirslanden Klinik Am Rosenberg AG,Hasenbühlstrasse 11,9410,Heiden,clinic: Surgery,"Amb, Stat",2320,11000.0,0.0,5,0,0,0,0,0,0,0,0,0
2020,BE,Insel Gruppe AG (universitär),Freiburgstrasse 18,3010,Bern,Hospital lvl1,"Amb, Stat",718957,252794.0,1390.0,37,5,1,1,1,1,1,1,1,1
2020,BE,Lindenhofgruppe AG,Bremgartenstrasse 117,3012,Bern,Hospital lvl2,"Amb, Stat",172627,110727.0,1730.0,20,6,1,1,0,1,1,1,1,1
2020,BE,Insel Gruppe AG (nicht-universitär),Freiburgstrasse 18,3010,Bern,Hospital lvl2,"Amb, Stat",125614,98968.0,385.0,12,3,1,1,0,0,0,0,1,1
2020,BE,Spital STS AG,Krankenhausstrasse 12,3600,Thun,Hospital lvl2,"Amb, Stat",219144,75093.0,1033.0,8,4,1,1,0,0,0,0,1,1
2020,BE,Hirslanden Bern AG,Schänzlihalde 11,3013,Bern,Hospital lvl2,"Amb, Stat",68956,74627.0,1122.0,16,4,1,1,0,0,0,0,1,1
2020,BE,Regionalspital Emmental AG,Oberburgstrasse 54,3400,Burgdorf,Hospital lvl2,"Amb, Stat",180988,65147.0,663.0,7,3,1,1,0,0,0,0,1,1
2020,BE,Spitalzentrum Biel AG,Vogelsang 84,2502,Biel,Hospital lvl2,"Amb, Stat",121050,64698.0,786.0,8,5,1,1,0,0,0,1,1,1
2020,BE,Spitäler Frutigen Meiringen Interlaken AG,Weissenaustrasse 27,3800,Unterseen,Hospital lvl2,"Amb, Stat",61872,46159.0,515.0,7,4,1,1,0,0,0,0,0,1
2020,BE,SRO AG,St. Urbanstrasse 67,4900,Langenthal,Hospital lvl3,"Amb, Stat",220888,47844.0,626.0,6,4,1,1,0,0,0,0,0,1
2020,BE,Hôpital du Jura bernois SA,Les Fontenayes 17,2610,St­Imier,Hospital lvl3,"Amb, Stat",101294,39420.0,367.0,2,2,1,1,0,0,0,0,0,0
2020,BE,Hirslanden Klinik Linde AG,Blumenrain 105,2503,Biel,Hospital lvl3,"Amb, Stat",43788,25787.0,704.0,7,2,1,1,0,1,0,0,1,0
2020,BE,Siloah AG,Worbstrasse 316,3073,Gümligen,Hospital lvl4,"Amb, Stat",31817,31447.0,0.0,1,0,0,0,0,0,0,0,0,0
2020,BE,Hôpital de Moutier SA,Beausite 49,2740,Moutier,Hospital lvl5,"Amb, Stat",39387,9617.0,0.0,2,0,1,0,0,0,0,0,0,1
2020,BE,Stiftung Diaconis Palliative Care,Schänzlistrasse 15,3013,Bern,Hospital lvl5,Stat,0,3701.0,0.0,0,0,0,0,0,0,0,0,0,0
2020,BE,Universitäre Psychiatrische Dienste Bern (UPD) AG,Bolligenstrasse 111,3072,Ostermundigen,Psychiatric hospital lvl1,"Amb, Stat",56468,106026.0,0.0,0,0,0,0,0,0,0,0,0,0
2020,BE,PZM Psychiatriezentrum Münsingen AG,Hunzigenallee 1,3110,Münsingen,Psychiatric hospital lvl1,"Amb, Stat",15887,94991.0,0.0,0,0,0,0,0,0,0,0,0,0
2020,BE,Privatklinik Reichenbach bei Meiringen AG,Willigen,3860,Meiringen,Psychiatric hospital lvl1,"Amb, Stat",8506,62611.0,0.0,0,0,0,0,0,0,0,0,0,0
2020,BE,Privatklinik Wyss AG,Fellenbergstrasse 32,3053,Münchenbuchsee,Psychiatric hospital lvl2,"Amb, Stat",16574,35054.0,0.0,0,0,0,0,0,0,0,0,0,0
2020,BE,Stiftung südhang Klinik für Suchttherapien,Südhang 1,3038,Kirchlindach,Psychiatric hospital lvl2,"Amb, Stat",7614,21224.0,0.0,0,0,0,0,0,0,0,0,0,0
2020,BE,Stiftung für ganzheitliche Medizin,Weissensteinstrasse 30,4900,Langenthal,Psychiatric hospital lvl2,"Amb, Stat",20453,14035.0,0.0,0,0,0,0,0,0,0,0,0,0
2020,BE,Klinik Wysshölzli Marie Sollberger-Stiftung,Waldrandweg 19,3360,Herzogenbuchsee,Psychiatric hospital lvl2,"Amb, Stat",653,11730.0,0.0,0,0,0,0,0,0,0,0,0,0
2020,BE,Stiftung Klinik Selhofen,Emmentalstrasse 8,3400,Burgdorf,Psychiatric hospital lvl2,"Amb, Stat",2963,8793.0,0.0,0,0,0,0,0,0,0,0,0,0
2020,BE,Interessengemeinschaft Sozialpsychiatrie IGS (Verein),Bühlstrasse 19a,3012,Bern,Psychiatric hospital lvl2,"Amb, Stat",2596,3116.0,0.0,0,0,0,0,0,0,0,0,0,0
2020,BE,Berner Reha Zentrum AG,Schwendi 303,3625,Heiligenschwendi,Rehabilitation clinic,"Amb, Stat",129,56474.0,0.0,0,0,0,0,0,0,0,0,0,0
2020,BE,Fürsorgeverein Bethesda,Bethesda 8,3233,Tschugg,Rehabilitation clinic,"Amb, Stat",863,48107.0,0.0,0,0,0,0,0,0,0,0,0,0
2020,BE,Klinik Schönberg AG,Schönbergstrasse 40,3654,Gunten,Rehabilitation clinic,"Amb, Stat",11590,31358.0,0.0,0,0,0,0,0,0,0,0,0,0
2020,BE,Berner Klinik Montana (Stiftung),Postgasse 56,3011,Bern,Rehabilitation clinic,"Amb, Stat",894,30584.0,0.0,0,0,0,0,0,0,0,0,0,0
2020,BE,Rehaklinik Hasliberg AG,Laueli 89b,6083,Hasliberg Hohfluh,Rehabilitation clinic,"Amb, Stat",4426,19880.0,0.0,0,0,0,0,0,0,0,0,0,0
2020,BE,Kurklinik Eden AG,Panoramastrasse 20,3854,Oberried am Brienzersee,Rehabilitation clinic,"Amb, Stat",1359,10060.0,0.0,0,0,0,0,0,0,0,0,0,0
2020,BE,SMN - Privatklinik Siloah,Worbstrasse 316,3073,Gümligen,clinic: Surgery,"Amb, Stat",2174,5260.0,0.0,4,0,0,0,0,0,0,0,0,0
2020,BE,Klinik Hohmad AG,Hohmadstrasse 1,3600,Thun,clinic: Surgery,"Amb, Stat",3576,3028.0,0.0,3,0,0,0,0,0,0,0,0,0
2020,BE,Geburtshaus Luna AG,Oberdorfstrasse 56,3072,Ostermundigen,clinic: Gynecology / Neonatology,"Amb, Stat",6005,2451.0,323.0,0,3,0,0,0,0,0,0,0,0
2020,BE,Genossenschaft Geburtshaus Simmental-Saaneland - Maternité Alpine,Eggetlistrasse 5a,3770,Zweisimmen,clinic: Gynecology / Neonatology,"Amb, Stat",922,652.0,87.0,0,1,0,0,0,0,0,0,0,0
2020,BL,Kantonsspital Baselland,Mühlemattstrasse 26,4410,Liestal,Hospital lvl2,"Amb, Stat",221081,144652.0,537.0,18,4,1,1,1,1,0,0,1,1
2020,BL,Klinik Arlesheim AG,Pfeffingerweg 1,4144,Arlesheim,Hospital lvl5,"Amb, Stat",61677,27822.0,0.0,0,0,0,0,0,0,0,0,0,0
2020,BL,Hospiz im Park,Stollenrain 12,4144,Arlesheim,Hospital lvl5,"Amb, Stat",110,1760.0,0.0,0,0,0,0,0,0,0,0,0,0
2020,BL,Psychiatrie Baselland,Bienentalstrasse 7,4410,Liestal,Psychiatric hospital lvl1,"Amb, Stat",68346,72411.0,0.0,0,0,0,0,0,0,0,0,0,0
2020,BL,Klinik ESTA,Gstadstrasse 42,4153,Reinach BL,Psychiatric hospital lvl2,Stat,0,6211.0,0.0,0,0,0,0,0,0,0,0,0,0
2020,BL,Hirslanden Klinik Birshof,Reinacherstrasse 28,4142,Münchenstein,clinic: Surgery,"Amb, Stat",61564,13938.0,0.0,6,0,1,1,0,0,0,0,0,0
2020,BL,Praxisklinik Rennbahn AG,Kriegackerstrasse 100,4132,Muttenz,clinic: Surgery,"Amb, Stat",57028,4746.0,0.0,2,0,0,0,0,0,0,0,0,0
2020,BL,Geburtshaus ambra GmbH,Unterdorfstrasse 25,4443,Wittinsburg,clinic: Gynecology / Neonatology,"Amb, Stat",522,415.0,72.0,0,2,0,0,0,0,0,0,0,0
2020,BL,Geburtshaus Tagmond GmbH,Hauptstrasse 26,4133,Pratteln,clinic: Gynecology / Neonatology,"Amb, Stat",410,291.0,45.0,0,1,0,0,0,0,0,0,0,0
2020,BL,Ergolz-Klinik,Hammerstrasse 35,4410,Liestal,clinic: Miscellaneous,"Amb, Stat",212,2140.0,0.0,2,0,0,0,0,0,0,0,0,0
2020,BL,Vista Klinik,Hauptstrasse 55,4102,Binningen,clinic: Miscellaneous,Stat,0,831.0,0.0,4,0,0,0,0,0,0,0,0,0
2020,BS,Universitätsspital Basel,Hebelstrasse 32,4031,Basel,Hospital lvl1,"Amb, Stat",604522,209673.0,2181.0,30,8,1,1,1,1,1,0,1,1
2020,BS,St. Claraspital,Kleinriehenstrasse 30,4058,Basel,Hospital lvl2,"Amb, Stat",116421,62547.0,0.0,8,0,1,1,1,1,1,0,1,0
2020,BS,Bethesda Spital AG,Gellertstrasse 144,4052,Basel,Hospital lvl3,"Amb, Stat",111261,34754.0,1799.0,6,5,1,1,0,0,0,0,0,1
2020,BS,Universitäre Psychiatrische Kliniken Basel,Wilhelm­Klein­Strasse 27,4056,Basel,Psychiatric hospital lvl1,"Amb, Stat",230714,89170.0,0.0,0,0,0,0,0,0,0,0,0,0
2020,BS,Klinik Sonnenhalde,Gänshaldenweg 22,4125,Riehen,Psychiatric hospital lvl2,"Amb, Stat",6683,21273.0,0.0,0,0,0,0,0,0,0,0,0,0
2020,BS,REHAB Basel,Im Burgfelderhof 40,4055,Basel,Rehabilitation clinic,"Amb, Stat",4905,31396.0,0.0,0,0,0,0,0,0,0,0,0,0
2020,BS,Merian Iselin Klinik,Föhrenstrasse 2,4054,Basel,clinic: Surgery,"Amb, Stat",36273,25932.0,0.0,9,0,1,1,0,0,0,0,1,0
2020,BS,Matthea Geburtshaus,Klybeckstrasse 64/70,4057,Basel,clinic: Gynecology / Neonatology,"Amb, Stat",54,1862.0,249.0,0,2,0,0,0,0,0,0,0,0
2020,BS,Geburtshaus Basel,Schweizergasse 8,4054,Basel,clinic: Gynecology / Neonatology,"Amb, Stat",357,0.0,0.0,0,0,0,0,0,0,0,0,0,0
2020,BS,Universitäts-Kinderspital beider Basel (UKBB),Spitalstrasse 33,4056,Basel,clinic: Pediatrics,"Amb, Stat",98637,29428.0,69.0,4,0,1,1,0,0,0,0,0,0
2020,BS,Felix Platter-Spital,Burgfelderstrasse 101,4055,Basel,clinic: Geriatrics,"Amb, Stat",13622,87659.0,0.0,0,0,0,1,0,0,0,0,0,0
2020,BS,Adullam Spital,Mittlere Strasse 15,4056,Basel,clinic: Geriatrics,"Amb, Stat",5618,33816.0,0.0,0,0,0,0,0,0,0,0,0,0
2020,BS,Palliativzentrum Hildegard,St. Alban­Ring 151,4052,Basel,clinic: Miscellaneous,Stat,0,6365.0,0.0,0,0,0,0,0,0,0,0,0,0
2020,BS,SMN - Schmerzklinik Basel,Hirschgässlein 11,4051,Basel,clinic: Miscellaneous,"Amb, Stat",21144,2621.0,0.0,2,0,0,1,0,0,0,0,0,0
2020,FR,HFR - Hôpital fribourgeois,Case postale,1708,Fribourg,Hospital lvl2,"Amb, Stat",474143,156180.0,875.0,15,4,1,1,1,1,1,0,1,1
2020,FR,Hôpital Jules Daler,Route de Bertigny 34,1700,Fribourg,Hospital lvl4,"Amb, Stat",3833,19829.0,1392.0,5,4,0,0,0,0,0,1,0,0
2020,FR,Réseau fribourgeois de santé mentale - RFSM Centre de soins hospitaliers,LHôpital 140,1633,Marsens,Psychiatric hospital lvl1,"Amb, Stat",61309,58547.0,0.0,0,0,0,0,0,0,0,0,0,0
2020,FR,SMN - Clinique Générale - Ste-Anne SA,Rue Hans­Geiler 6,1700,Fribourg,clinic: Surgery,"Amb, Stat",463,9510.0,0.0,4,0,0,0,0,0,0,0,0,0
2020,FR,Maison de Naissance le Petit Prince,Route du Petit­Moncor 1d,1752,Villars­sur­Glâne,clinic: Gynecology / Neonatology,"Amb, Stat",1480,1072.0,187.0,0,2,0,0,0,0,0,0,0,0
2020,GE,Les Hôpitaux Universitaires de Genève HUG,Rue Gabrielle­Perret­Gentil 4,1205,Genève,Hospital lvl1,"Amb, Stat",1074645,559587.0,3137.0,42,11,1,1,1,1,1,1,1,1
2020,GE,Hôpital de la Tour,Avenue Jacob­Daniel Maillard 3,1217,Meyrin,Hospital lvl3,"Amb, Stat",302391,41189.0,474.0,8,4,1,1,1,1,1,0,1,1
2020,GE,Clinique des Grangettes SA,Chemin des Grangettes 7,1224,Chêne­Bougeries,Hospital lvl4,"Amb, Stat",38610,24834.0,831.0,4,4,1,1,1,1,1,1,1,0
2020,GE,Clinique Générale-Beaulieu,Chemin de Beau­Soleil 20,1206,Genève,Hospital lvl4,"Amb, Stat",25098,19192.0,630.0,9,4,1,1,0,0,0,1,1,0
2020,GE,Clinique du Grand-Salève Sàrl,Avenue du Grand-Salève 2,1255,Veyrier,Psychiatric hospital lvl2,Stat,0,12576.0,0.0,0,0,0,0,0,0,0,0,0,0
2020,GE,Clinique Belmont,Route de Chêne 26,1207,Genève,Psychiatric hospital lvl2,"Amb, Stat",4926,8127.0,0.0,0,0,0,0,0,0,0,0,0,0
2020,GE,Clinique de Maisonneuve SA,Avenue de Châtelaine 60­62,1219,Châtelaine,Rehabilitation clinic,Stat,0,13976.0,0.0,0,0,0,0,0,0,0,0,0,0
2020,GE,Clinique Les Hauts dAnières,Chemin des Courbes 9,1247,Anières,Rehabilitation clinic,"Amb, Stat",540,11518.0,0.0,0,0,0,0,0,0,0,0,0,0
2020,GE,Clinique la Colline,Avenue de Beau­Séjour 6,1206,Genève,clinic: Surgery,"Amb, Stat",19334,16144.0,0.0,6,0,0,0,0,0,0,0,0,0
2020,GE,Clinique des Vergers SA,Chemin de la Planche 1,1217,Meyrin,clinic: Surgery,"Amb, Stat",9026,1597.0,0.0,2,0,0,0,0,0,0,0,0,0
2020,GE,Clinique de la Plaine,Rue Charles­Humbert 5,1205,Genève,clinic: Surgery,"Amb, Stat",1549,289.0,0.0,2,0,0,0,0,0,0,0,0,0
2020,GE,Clinique de Carouge AG,Avenue Cardinal­Mermillod 1,1227,Carouge GE,clinic: Surgery,"Amb, Stat",13020,248.0,0.0,0,0,0,0,0,0,0,0,0,0
2020,GE,Maison de naissance La Roseraie,Chemin du Châtelet 3,1205,Genève,clinic: Gynecology / Neonatology,Stat,0,501.0,116.0,0,2,0,0,0,0,0,0,0,0
2020,GL,Kantonsspital Glarus,Burgstrasse 99,8750,Glarus,Hospital lvl4,"Amb, Stat",79483,26784.0,287.0,4,2,1,1,0,0,0,0,1,1
2020,GL,RehaClinic Braunwald,Niederschlachtstrasse 12,8784,Braunwald,Rehabilitation clinic,"Amb, Stat",821,11833.0,0.0,0,0,0,0,0,0,0,0,0,0
2020,GL,RehaClinic Glarus,Burgstrasse 99,8750,Glarus,Rehabilitation clinic,Stat,0,4528.0,0.0,0,0,0,0,0,0,0,0,0,0
2020,GR,Kantonsspital Graubünden,Loestrasse 170,7000,Chur,Hospital lvl2,"Amb, Stat",414729,88701.0,1053.0,12,5,1,1,1,1,1,1,1,1
2020,GR,Spital Oberengadin,Via Nouva 3,7503,Samedan,Hospital lvl4,"Amb, Stat",44542,10358.0,125.0,3,2,1,1,0,0,0,0,0,1
2020,GR,Flury Stiftung Spital Schiers,0,7220,Schiers,Hospital lvl4,"Amb, Stat",21786,10160.0,176.0,3,2,1,1,0,0,0,0,1,0
2020,GR,Regionalspital Surselva AG,Spitalstrasse 6,7130,Ilanz,Hospital lvl4,"Amb, Stat",13453,9588.0,133.0,2,2,1,1,0,0,0,0,0,0
2020,GR,Spital Davos AG Akutabteilung,Promenade 4,7270,Davos Platz,Hospital lvl4,"Amb, Stat",23734,7305.0,90.0,2,2,0,1,0,0,0,0,0,1
2020,GR,Center da Sanda Engiadina Bassa Ospidal dEngiadina Bassa,Via da lOspidal 280,7550,Scuol,Hospital lvl5,"Amb, Stat",9034,6880.0,47.0,2,1,0,1,0,0,0,0,0,0
2020,GR,Spital Thusis,Alte Strasse 31,7430,Thusis,Hospital lvl5,"Amb, Stat",26853,6400.0,156.0,2,2,1,1,0,0,0,0,0,0
2020,GR,Centro Sanitario Valposchiavo Ospedale San Sisto,Via da lUspedal 1000,7742,Poschiavo,Hospital lvl5,"Amb, Stat",2093,2871.0,19.0,1,1,0,0,0,0,0,0,0,0
2020,GR,Centro Sanitario Bregaglia Reparto Acuto,Flin,7606,Promontogno,Hospital lvl5,"Amb, Stat",6564,1343.0,0.0,0,0,0,0,0,0,0,0,0,0
2020,GR,Center da Sanda Val Müstair Akutabteilung,Sielva,7536,Sta. Maria V. M.,Hospital lvl5,"Amb, Stat",381,1212.0,0.0,0,0,0,0,0,0,0,0,0,0
2020,GR,Center da Sanadad Savognin SA,Stradung 52,7460,Savognin,Hospital lvl5,"Amb, Stat",16807,930.0,0.0,1,0,0,1,0,0,0,0,0,0
2020,GR,Psychiatrische Dienste Graubünden,Loestrasse 220,7000,Chur,Psychiatric hospital lvl1,"Amb, Stat",87383,70327.0,0.0,0,0,0,0,0,0,0,0,0,0
2020,GR,Clinica Holistica Engiadina SA,Praz,7542,Susch,Psychiatric hospital lvl2,"Amb, Stat",1861,16384.0,0.0,0,0,0,0,0,0,0,0,0,0
2020,GR,Hochgebirgsklinik Davos AG,Herman­Burchard­Strasse 1,7265,Davos Wolfgang,Rehabilitation clinic,"Amb, Stat",2858,43624.0,0.0,0,0,0,0,0,0,0,0,0,0
2020,GR,Rehabilitationszentrum Seewis Klinik für Herz- & Kreislauferkrankungen,Schlossstrasse 1,7212,Seewis Dorf,Rehabilitation clinic,"Amb, Stat",2098,16399.0,0.0,0,0,0,0,0,0,0,0,0,0
2020,GR,reha andeer ag Rehabilitationsklinik,Veia Granda,7440,Andeer,Rehabilitation clinic,"Amb, Stat",5594,4590.0,0.0,0,0,0,0,0,0,0,0,0,0
2020,GR,Klinik Gut St. Moritz AG,Via Arona 34,7500,St. Moritz,clinic: Surgery,"Amb, Stat",21831,9684.0,0.0,4,0,1,0,0,0,0,0,0,0
2020,JU,Hôpital du Jura,Chemin de lHôpital 9a,2900,Porrentruy,Hospital lvl3,"Amb, Stat",149571,78079.0,581.0,5,3,1,1,0,0,0,0,0,1
2020,JU,Clinique le Noirmont,Chemin de Roc­Montès 20,2340,Le Noirmont,Rehabilitation clinic,"Amb, Stat",8488,26726.0,0.0,0,0,0,0,0,0,0,0,0,0
2020,JU,Maison de naissance Les Cigognes,Route Principale 21,2824,Vicques,clinic: Gynecology / Neonatology,"Amb, Stat",0,85.0,22.0,0,1,0,0,0,0,0,0,0,0
2020,LU,Luzerner Kantonsspital,Spitalstrasse,6004,Luzern,Hospital lvl2,"Amb, Stat",646506,225555.0,2771.0,46,10,1,1,1,1,1,1,1,1
2020,LU,Hirslanden Klinik St. Anna AG,St. Anna­Strasse 32,6006,Luzern,Hospital lvl2,"Amb, Stat",171384,63311.0,731.0,13,3,1,1,1,1,0,0,1,1
2020,LU,Luzerner Psychiatrie,Schafmattstrasse 1,4915,St. Urban,Psychiatric hospital lvl1,"Amb, Stat",118306,105407.0,0.0,0,0,0,0,0,0,0,0,0,0
2020,LU,Therapiezentrum Meggen,Rütliweg 1,6045,Meggen,Psychiatric hospital lvl2,"Amb, Stat",87,4894.0,0.0,0,0,0,0,0,0,0,0,0,0
2020,LU,Luzerner Höhenklinik Montana,Route de lAstoria 2,3963,Crans-Montana,Rehabilitation clinic,"Amb, Stat",1111,18504.0,0.0,0,0,0,0,0,0,0,0,0,0
2020,LU,RehaClinic Sonnmatt Luzern,Hemschlenstrasse,6006,Luzern,Rehabilitation clinic,"Amb, Stat",2342,15958.0,0.0,0,0,0,0,0,0,0,0,0,0
2020,LU,Cereneo Schweiz AG Neurorehabilitationsklinik,Hertensteinstrasse 162,6353,Weggis,Rehabilitation clinic,"Amb, Stat",20,3782.0,0.0,0,0,0,0,0,0,0,0,0,0
2020,LU,Geburtshaus Terra Alta,Schellenrain 20,6208,Oberkirch LU,clinic: Gynecology / Neonatology,"Amb, Stat",2597,2915.0,444.0,0,2,0,0,0,0,0,0,0,0
2020,LU,Schweizer Paraplegiker-Zentrum Nottwil AG,Guido A. Zäch Strasse 1,6207,Nottwil,clinic: Miscellaneous,"Amb, Stat",58645,53736.0,0.0,3,0,1,1,0,0,0,1,0,0
2020,NE,Réseau hospitalier neuchâtelois RHNe,Maladière 45,2000,Neuchâtel,Hospital lvl2,"Amb, Stat",269185,124859.0,1188.0,9,5,1,1,1,1,1,0,1,0
2020,NE,SMN - Neuchâtel,Faubourg de lHôpital 81,2001,Neuchâtel,Hospital lvl5,"Amb, Stat",13346,7864.0,0.0,7,0,0,0,0,0,0,0,1,1
2020,NE,Clinique Volta SA,Rue Numa-Droz 185,2300,La Chaux­de­Fonds,Hospital lvl5,"Amb, Stat",1916,147.0,0.0,2,0,0,0,0,0,0,0,0,0
2020,NE,CNP Centre Neuchâtelois de psychiatrie,0,2017,Boudry,Psychiatric hospital lvl2,"Amb, Stat",114437,36332.0,0.0,0,0,0,0,0,0,0,0,0,0
2020,NE,Maison de Naissance Tilia Sàrl,Chemin des Valangines 9,2000,Neuchâtel,clinic: Gynecology / Neonatology,"Amb, Stat",0,291.0,52.0,0,1,0,0,0,0,0,0,0,0
2020,NW,Kantonsspital Nidwalden,Ennetmooserstrasse 19,6370,Stans,Hospital lvl4,"Amb, Stat",72903,21622.0,570.0,4,3,1,1,0,0,0,0,0,0
2020,NW,Bürgenstock Hotels AG - Waldhotel Health & Medical Excellence Rehabilitationsklinik,Bürgenstock 30,6363,Obbürgen,Rehabilitation clinic,Stat,0,5296.0,0.0,0,0,0,0,0,0,0,0,0,0
2020,NW,Geburtshaus Stans,Rosenweg 3,6370,Stans,clinic: Gynecology / Neonatology,"Amb, Stat",1847,714.0,89.0,0,1,0,0,0,0,0,0,0,0
2020,OW,Kantonsspital Obwalden,Brünigstrasse 181,6060,Sarnen,Hospital lvl3,"Amb, Stat",30819,13713.0,289.0,3,2,1,1,0,0,0,0,1,0
2020,SG,Kantonsspital St. Gallen,Rorschacher Strasse 95,9007,St. Gallen,Hospital lvl2,"Amb, Stat",488209,206185.0,1627.0,20,6,1,1,1,1,1,1,1,1
2020,SG,Spitalregion Rheintal Werdenberg Sarganserland,Alte Landstrasse 106,9445,Rebstein,Hospital lvl2,"Amb, Stat",67077,66646.0,870.0,9,4,1,1,0,0,0,0,1,1
2020,SG,Spitalregion Fürstenland Toggenburg,Fürstenlandstrasse 32,9500,Wil SG,Hospital lvl3,"Amb, Stat",46827,36150.0,505.0,3,4,1,1,0,0,0,0,0,0
2020,SG,Hirslanden Klinik Stephanshorn,Brauerstrasse 95,9016,St. Gallen,Hospital lvl4,"Amb, Stat",61116,29586.0,663.0,7,4,1,1,0,0,0,0,1,0
2020,SG,Spital Linth,Gasterstrasse 25,8730,Uznach,Hospital lvl4,"Amb, Stat",41797,23586.0,367.0,4,3,1,1,0,0,0,1,1,1
2020,SG,Psychiatrie St.Gallen Nord,Zürcherstrasse 30,9500,Wil SG,Psychiatric hospital lvl1,"Amb, Stat",78719,76458.0,0.0,0,0,0,0,0,0,0,0,0,0
2020,SG,Psychiatrie-Dienste Süd,0,7312,Pfäfers,Psychiatric hospital lvl1,"Amb, Stat",76751,50937.0,0.0,0,0,0,0,0,0,0,0,0,0
2020,SG,Klinik Sonnenhof Kinder- & Jugendpsychiatrisches Zentrum,Sonnenhofstrasse 15,9608,Ganterschwil,Psychiatric hospital lvl2,"Amb, Stat",168,13110.0,0.0,0,0,0,0,0,0,0,0,0,0
2020,SG,Kliniken Valens,Taminaplatz 1,7317,Valens,Rehabilitation clinic,"Amb, Stat",28808,78228.0,0.0,0,0,0,0,0,0,0,0,0,0
2020,SG,Oberwaid AG Kurhotel & Privatklinik,Rorschacher Strasse 311,9016,St. Gallen,Rehabilitation clinic,"Amb, Stat",10396,19295.0,0.0,0,0,0,0,0,0,0,0,0,0
2020,SG,Rosenklinik AG,Güterstrasse 21/23,8640,Rapperswil-Jona,clinic: Surgery,"Amb, Stat",9890,2434.0,0.0,2,0,0,0,0,0,0,0,0,0
2020,SG,Thurklinik AG,Bahnhofstrasse 123a,9244,Niederuzwil,clinic: Surgery,"Amb, Stat",568,1327.0,0.0,2,0,0,0,0,0,0,0,0,0
2020,SG,Geburtshaus St.Gallen GmbH,Lindenstrasse 71,9000,St. Gallen,clinic: Gynecology / Neonatology,"Amb, Stat",1431,1994.0,326.0,0,2,0,0,0,0,0,0,0,0
2020,SG,Stiftung Ostschweizer Kinderspital,Claudiusstrasse 6,9006,St. Gallen,clinic: Pediatrics,"Amb, Stat",60798,22028.0,43.0,3,0,0,1,0,0,0,0,0,0
2020,SG,Geriatrische Klinik St. Gallen,Rorschacher Strasse 94,9000,St. Gallen,clinic: Geriatrics,"Amb, Stat",4613,26618.0,0.0,0,0,0,0,0,0,0,0,0,0
2020,SH,Spitäler Schaffhausen,Geissbergstrasse 81,8208,Schaffhausen,Hospital lvl2,"Amb, Stat",181189,72161.0,756.0,5,2,0,1,0,1,0,0,1,1
2020,SH,SMN - Privatklinik Belair,Rietstrasse 30,8200,Schaffhausen,clinic: Surgery,"Amb, Stat",1709,2375.0,0.0,2,0,0,0,0,0,0,0,0,0
2020,SO,Solothurner Spitäler AG,Schöngrünstrasse 36a,4500,Solothurn,Hospital lvl2,"Amb, Stat",565166,196647.0,1509.0,23,10,1,1,1,1,0,1,1,1
2020,SO,SMN - Privatklinik Obach,Leopoldstrasse 5,4500,Solothurn,clinic: Surgery,"Amb, Stat",1257,7312.0,0.0,3,0,0,0,0,0,0,0,0,0
2020,SO,Pallas Kliniken AG,Louis-Giroud­Strasse 20,4600,Olten,clinic: Miscellaneous,"Amb, Stat",2653,1783.0,0.0,3,0,0,0,0,0,0,0,0,0
2020,SZ,Spital Schwyz,Waldeggstrasse 10,6430,Schwyz,Hospital lvl3,"Amb, Stat",25856,32628.0,431.0,4,2,0,0,0,0,0,0,1,1
2020,SZ,Spital Lachen,Oberdorfstrasse 41,8853,Lachen SZ,Hospital lvl3,"Amb, Stat",68314,26813.0,461.0,4,2,1,1,0,0,0,0,1,1
2020,SZ,AMEOS Spital Einsiedeln AG,Spitalstrasse 28,8840,Einsiedeln,Hospital lvl4,"Amb, Stat",35229,12925.0,234.0,3,2,0,1,0,0,0,0,0,0
2020,SZ,AMEOS Seeklinikum Brunnen AG,Gersauerstrasse 8,6440,Brunnen,Psychiatric hospital lvl2,"Amb, Stat",2122,20042.0,0.0,0,0,0,0,0,0,0,0,0,0
2020,TG,Spital Thurgau AG Kantonsspitäler Frauenfeld & Münsterlingen,Waldeggstrasse 8a,8501,Frauenfeld,Hospital lvl2,"Amb, Stat",240576,137535.0,2175.0,18,9,1,1,1,1,1,1,1,1
2020,TG,Herz-Neuro-Zentrum Bodensee AG,Weinbergstrasse 1,8280,Kreuzlingen,Hospital lvl5,"Amb, Stat",4733,8884.0,0.0,2,0,0,0,0,0,0,0,1,0
2020,TG,Spital Thurgau AG Psychiatrische Klinik Münsterlingen,Seeblickstrasse 3,8596,Münsterlingen,Psychiatric hospital lvl1,"Amb, Stat",36851,87179.0,0.0,0,0,0,0,0,0,0,0,0,0
2020,TG,Clienia Littenheid AG Klinik für Psychiatrie und Psychotherapie,Hauptstrasse 130,9573,Littenheid,Psychiatric hospital lvl1,"Amb, Stat",51863,84124.0,0.0,0,0,0,0,0,0,0,0,0,0
2020,TG,Klinik Aadorf AG Klinische Psychotherapie,Fohrenbergstrasse 23,8355,Aadorf,Psychiatric hospital lvl2,"Amb, Stat",938,14635.0,0.0,0,0,0,0,0,0,0,0,0,0
2020,TG,Rehaklinik Zihlschlacht AG Neurologisches Rehabilitationszentrum,Hauptstrasse 2­4,8588,Zihlschlacht,Rehabilitation clinic,"Amb, Stat",11398,49178.0,0.0,0,0,0,0,0,0,0,0,0,0
2020,TG,Klinik Schloss Mammern AG,Dr. A. O. Fleisch­Strasse 3,8265,Mammern,Rehabilitation clinic,"Amb, Stat",2385,40139.0,0.0,0,0,0,1,0,0,0,0,0,0
2020,TG,Rehaklinik Dussnang AG,Kurhausstrasse 34,8374,Dussnang,Rehabilitation clinic,"Amb, Stat",9682,35771.0,0.0,0,0,0,0,0,0,0,0,0,0
2020,TG,Spital Thurgau AG Klinik St. Katharinental,St. Katharinental,8253,Diessenhofen,Rehabilitation clinic,"Amb, Stat",2192,24271.0,0.0,0,0,0,0,0,0,0,0,0,0
2020,TG,Tertianum AG Klinik Tertianum Neutal,Seestrasse 101,8267,Berlingen,Rehabilitation clinic,Stat,0,7775.0,0.0,0,0,0,0,0,0,0,0,0,0
2020,TG,Klinik Seeschau AG,Bernrainstrasse 17,8280,Kreuzlingen,clinic: Surgery,"Amb, Stat",2393,7302.0,0.0,3,0,0,1,0,0,0,0,0,0
2020,TG,Venenklinik Bellevue AG,Brückenstrasse 9,8280,Kreuzlingen,clinic: Surgery,"Amb, Stat",7737,601.0,0.0,2,0,0,0,0,0,0,0,0,0
2020,TI,EOC Ente ospedaliero cantonale,Viale Officina 3,6500,Bellinzona,Hospital lvl2,"Amb, Stat",566538,248056.0,1237.0,24,9,1,1,1,1,1,1,1,1
2020,TI,Clinica Luganese Moncucco SA,Via Moncucco 10,6900,Lugano,Hospital lvl3,"Amb, Stat",50095,53588.0,0.0,6,0,1,1,0,0,1,0,1,0
2020,TI,Clinica Santa Chiara SA,Via Stefano Franscini 4,6600,Locarno,Hospital lvl4,"Amb, Stat",21335,13998.0,314.0,4,2,1,1,0,0,0,0,0,0
2020,TI,SMN - Clinica SantAnna,Via SantAnna 1,6924,Sorengo,Hospital lvl4,"Amb, Stat",18631,12559.0,691.0,5,4,1,1,0,0,0,0,0,0
2020,TI,Cardiocentro Ticino (CCT),Via Tesserete 48,6900,Lugano,Hospital lvl4,"Amb, Stat",15177,12029.0,0.0,3,0,1,1,0,0,0,0,1,0
2020,TI,Clinica psichiatrica cantonale,Via Agostino Maspoli,6850,Mendrisio,Psychiatric hospital lvl2,"Amb, Stat",4087,39013.0,0.0,0,0,0,0,0,0,0,0,0,0
2020,TI,Clinica Santa Croce SA,Via al Parco 27,6644,Orselina,Psychiatric hospital lvl2,"Amb, Stat",2964,28525.0,0.0,0,0,0,0,0,0,0,0,0,0
2020,TI,Clinica Viarnetto SA,Via Ceresio 34b,6963,Pregassona,Psychiatric hospital lvl2,Stat,0,13795.0,0.0,0,0,0,0,0,0,0,0,0,0
2020,TI,Ospedale Malcantonese Fondazione Giuseppe Rossi,0,6980,Castelrotto,Psychiatric hospital lvl2,"Amb, Stat",752,7945.0,0.0,0,0,0,0,0,0,0,0,0,0
2020,TI,Clinica Hildebrand - Centro di riabilitazione Brissago,Via Crodolo 18,6614,Brissago,Rehabilitation clinic,"Amb, Stat",2051,39111.0,0.0,0,0,0,0,0,0,0,0,0,0
2020,TI,SMN - Clinica Ars Medica,Via Grumo 16,6929,Gravesano,clinic: Surgery,"Amb, Stat",25047,10107.0,0.0,5,0,1,1,0,0,0,0,1,0
2020,TI,Clinica Fondazione G. Varini,Via Consiglio Mezzano 38,6644,Orselina,clinic: Miscellaneous,"Amb, Stat",50,2753.0,0.0,0,0,0,0,0,0,0,0,0,0
2020,TI,Clinica Dr Spinedi c/o Clinica Santa Croce SA a.c.a. sig. Luca Santagostino,Via al Parco 27,6644,Orselina,clinic: Miscellaneous,Stat,0,574.0,0.0,0,0,0,0,0,0,0,0,0,0
2020,UR,Kantonsspital Uri,Spitalstrasse 1,6460,Altdorf UR,Hospital lvl4,"Amb, Stat",71502,16836.0,255.0,3,2,1,1,0,0,0,0,1,1
2020,VD,CHUV Centre Hospitalier Universitaire Vaudois,Rue du Bugnon 21,1011,Lausanne,Hospital lvl1,"Amb, Stat",1395310,396869.0,2533.0,26,6,1,1,1,1,1,0,1,1
2020,VD,Hôpital Riviera-Chablais Vaud-Valais,Route du Vieux Séquoia 20,1847,Rennaz,Hospital lvl2,"Amb, Stat",283026,99071.0,1624.0,10,6,1,1,1,1,1,0,0,1
2020,VD,EHC Ensemble hospitalier de la Côte,Chemin du Crêt 2,1110,Morges,Hospital lvl2,"Amb, Stat",144361,80876.0,1361.0,7,4,1,1,0,0,0,0,1,1
2020,VD,Etablissements Hospitaliers du Nord Vaudois (eHnv),Rue dEntremonts 11,1400,Yverdon­les­Bains,Hospital lvl2,"Amb, Stat",206151,80635.0,869.0,9,3,1,1,0,0,0,0,0,1
2020,VD,Groupement Hospitalier de lOuest Lémanique (GHOL) SA,Chemin Monastier 10,1260,Nyon,Hospital lvl3,"Amb, Stat",115856,42921.0,452.0,5,2,1,1,0,0,0,0,0,1
2020,VD,Hirslanden Lausanne SA,Avenue dOuchy 31,1006,Lausanne,Hospital lvl3,"Amb, Stat",67707,37513.0,438.0,11,2,1,1,0,1,1,1,1,1
2020,VD,Hôpital Intercantonal de la Broye (HIB),Avenue de la Colline 3,1530,Payerne,Hospital lvl4,"Amb, Stat",126146,41569.0,545.0,4,3,1,1,0,0,0,0,0,1
2020,VD,Clinique de La Source,Avenue Vinet 30,1004,Lausanne,Hospital lvl4,"Amb, Stat",125517,23760.0,302.0,7,1,1,1,1,1,0,0,1,0
2020,VD,Pôle santé Vallée de Joux Hôpital de la Vallée de Joux,Rue de l_x0019_ Hôpital 3,1347,Le Sentier,Hospital lvl4,"Amb, Stat",11094,2515.0,0.0,2,0,0,0,0,0,1,0,0,0
2020,VD,Clinique de Genolier,Route du Muids 3,1272,Genolier,Hospital lvl5,"Amb, Stat",20074,11266.0,0.0,4,0,1,1,1,1,1,0,1,0
2020,VD,Réseau Santé Balcon du Jura.vd (RSBJ),Rue des Rosiers 29,1450,Ste­Croix,Hospital lvl5,"Amb, Stat",12618,4346.0,0.0,1,0,0,0,0,0,0,0,0,0
2020,VD,Pôle santé du Pays-dEnhaut,Route de lHôpital 17,1660,Château­dOex,Hospital lvl5,"Amb, Stat",9090,2268.0,0.0,1,0,0,1,0,0,0,0,0,1
2020,VD,Secteur Psychiatrique Est Fondation de Nant,Route de Nant,1804,Corsier­sur­Vevey,Psychiatric hospital lvl2,"Amb, Stat",66993,26190.0,0.0,0,0,0,0,0,0,0,0,0,0
2020,VD,Clinique la Métairie SA,Avenue de Bois­Bougy 8,1260,Nyon,Psychiatric hospital lvl2,"Amb, Stat",4059,20510.0,0.0,0,0,0,0,0,0,0,0,0,0
2020,VD,Clinique la Lignière,La Lignière 5,1196,Gland,Rehabilitation clinic,"Amb, Stat",14743,29368.0,0.0,0,0,0,0,0,0,0,0,0,0
2020,VD,Hôpital de Lavaux,Chemin des Colombaires 31,1096,Cully,Rehabilitation clinic,"Amb, Stat",2029,18801.0,0.0,0,0,0,0,0,0,0,0,0,0
2020,VD,Clinique Valmont,Route de Valmont,1823,Glion,Rehabilitation clinic,"Amb, Stat",1296,15884.0,0.0,0,0,0,0,0,0,0,0,0,0
2020,VD,Clinique Bois-Bougy Sàrl,Avenue de Bois­Bougy 5,1260,Nyon,Rehabilitation clinic,"Amb, Stat",1930,15675.0,0.0,0,0,0,0,0,0,0,0,0,0
2020,VD,Institution de Lavigny,Route du Vignoble 60,1175,Lavigny,Rehabilitation clinic,"Amb, Stat",2026,12433.0,0.0,0,0,0,0,0,0,0,0,0,0
2020,VD,Clinique CIC Riviera,Rue du Grammont 2,1815,Clarens,clinic: Surgery,"Amb, Stat",5835,5733.0,0.0,6,0,0,0,0,0,0,1,0,0
2020,VD,Clinique de Montchoisi,Chemin des Allinges 10,1006,Lausanne,clinic: Surgery,"Amb, Stat",5385,2270.0,0.0,5,0,1,1,0,0,0,0,0,0
2020,VD,Fondation Rive-Neuve - Unité de Soins Palliatifs,Chemin des Cuarroz 57,1807,Blonay,clinic: Miscellaneous,"Amb, Stat",1557,4741.0,0.0,0,0,0,0,0,0,0,0,0,0
2020,VD,"Biotonus, Clinique Bon-Port SA centre de soins médicaux & esthétiques",Rue Bon-Port 27,1820,Montreux,clinic: Miscellaneous,Stat,0,4080.0,0.0,0,0,0,0,0,0,0,0,0,0
2020,VD,Clinique la Prairie SA,Rue du Lac 142,1815,Clarens,clinic: Miscellaneous,"Amb, Stat",27713,3376.0,0.0,3,0,1,1,0,0,0,0,0,0
2020,VD,Hôpital Ophtalmique Jules Gonin Fondation Asile des Aveugles,Avenue de France 15,1004,Lausanne,clinic: Miscellaneous,"Amb, Stat",72035,1789.0,0.0,4,0,0,0,0,0,0,0,1,0
2020,VS,Hôpital du Valais - Centre hospitalier du Valais Romand CHVR,Avenue du Grand-Champsec 80,1950,Sion,Hospital lvl2,"Amb, Stat",379983,230079.0,1443.0,13,5,1,1,1,1,1,0,1,1
2020,VS,Spital Wallis - Spitalzentrum Oberwallis (SZO),Pflanzettastrasse 8,3930,Visp,Hospital lvl2,"Amb, Stat",140265,89030.0,668.0,7,3,1,1,0,0,0,1,0,1
2020,VS,Clinique romande de réadaptation CRR (Suva),Avenue du Grand­Champsec 90,1950,Sion,Rehabilitation clinic,"Amb, Stat",204391,38305.0,0.0,0,0,0,0,0,0,0,0,0,0
2020,VS,Leukerbad Clinic RZL Rehabilitationszentrum Leukerbad Clinic AG,Willy­Spühlerstrasse 2,3954,Leukerbad,Rehabilitation clinic,"Amb, Stat",1577,16060.0,0.0,0,0,0,0,0,0,0,0,0,0
2020,VS,SMN - Clinique de Valère,Rue de Pré­Fleuri 16,1950,Sion,clinic: Surgery,"Amb, Stat",9126,7519.0,0.0,5,0,1,1,0,0,0,0,0,0
2020,VS,Clinique CIC Valais SA,Route du Léman 29,1907,Saxon,clinic: Surgery,"Amb, Stat",5606,3690.0,0.0,0,0,0,0,0,0,0,0,0,0
2020,ZG,Zuger Kantonsspital AG,Landhausstrasse 11,6340,Baar,Hospital lvl2,"Amb, Stat",214376,47276.0,907.0,5,3,1,1,0,0,0,0,1,1
2020,ZG,Andreas Klinik,Rigistrasse 1,6330,Cham,Hospital lvl4,"Amb, Stat",32862,15420.0,469.0,4,3,1,1,0,0,0,0,0,0
2020,ZG,Triaplus AG,Widenstrasse 55,6317,Oberwil bei Zug,Psychiatric hospital lvl1,"Amb, Stat",75162,48624.0,0.0,0,0,0,0,0,0,0,0,0,0
2020,ZG,Klinik Meissenberg AG,Meisenbergstrasse 17,6300,Zug,Psychiatric hospital lvl2,"Amb, Stat",878,23693.0,0.0,0,0,0,0,0,0,0,0,0,0
2020,ZG,Klinik Adelheid AG,Höhenweg 71,6314,Unterägeri,Rehabilitation clinic,"Amb, Stat",16833,43664.0,0.0,0,0,0,0,0,0,0,0,0,0
2020,ZH,Universitätsspital Zürich,Rämistrasse 100,8091,Zürich,Hospital lvl1,"Amb, Stat",710457,254596.0,1958.0,34,8,1,1,1,1,1,1,1,1
2020,ZH,Kantonsspital Winterthur,Brauerstrasse 15,8400,Winterthur,Hospital lvl2,"Amb, Stat",318789,129568.0,1448.0,15,6,1,1,1,1,1,1,1,1
2020,ZH,Stadtspital Triemli,Birmensdorferstrasse 497,8063,Zürich,Hospital lvl2,"Amb, Stat",185495,115822.0,1983.0,12,7,1,1,0,1,1,0,1,0
2020,ZH,Klinik Hirslanden AG,Witellikerstrasse 40,8008,Zürich,Hospital lvl2,"Amb, Stat",92214,103322.0,837.0,14,3,1,1,1,1,1,0,1,1
2020,ZH,Stadtspital Waid,Tièchestrasse 99,8037,Zürich,Hospital lvl2,"Amb, Stat",43067,55542.0,0.0,5,0,1,1,0,1,0,0,1,1
2020,ZH,Spital Zollikerberg,Trichtenhauserstrasse 20,8125,Zollikerberg,Hospital lvl2,"Amb, Stat",57668,52456.0,1962.0,7,6,1,1,0,0,0,0,1,1
2020,ZH,Spital Limmattal,Urdorferstrasse 100,8952,Schlieren,Hospital lvl2,"Amb, Stat",150282,52323.0,956.0,8,5,1,1,0,0,0,1,1,0
2020,ZH,Spital Uster,Brunnenstrasse 42,8610,Uster,Hospital lvl2,"Amb, Stat",108040,49612.0,738.0,5,4,0,1,0,0,0,0,0,1
2020,ZH,Spital Bülach AG,Spitalstrasse 24,8180,Bülach,Hospital lvl2,"Amb, Stat",119260,48367.0,1283.0,5,4,0,1,0,0,0,0,0,0
2020,ZH,See-Spital,Asylstrasse 19,8810,Horgen,Hospital lvl2,"Amb, Stat",54014,41188.0,649.0,8,3,1,1,0,0,0,0,0,1
2020,ZH,GZO Spital Wetzikon,Spitalstrasse 66,8620,Wetzikon ZH,Hospital lvl2,"Amb, Stat",114888,40166.0,759.0,4,4,1,1,0,1,0,1,1,1
2020,ZH,Spital Männedorf AG,Asylstrasse 10,8708,Männedorf,Hospital lvl3,"Amb, Stat",106401,40091.0,515.0,5,2,0,1,0,0,0,0,0,0
2020,ZH,Klinik Im Park,Seestrasse 220,8002,Zürich,Hospital lvl3,"Amb, Stat",45004,27929.0,465.0,8,2,1,1,0,0,0,0,1,1
2020,ZH,Spital Affoltern AG,Sonnenbergstrasse 27,8910,Affoltern am Albis,Hospital lvl4,"Amb, Stat",41702,27051.0,0.0,2,0,0,1,0,0,0,0,0,0
2020,ZH,Privatklinik Bethanien - GSMN Schweiz AG,Toblerstrasse 51,8044,Zürich,Hospital lvl4,"Amb, Stat",663,18005.0,467.0,5,4,0,0,0,0,0,0,1,0
2020,ZH,Paracelsus-Spital Richterswil AG,Bergstrasse 16,8805,Richterswil,Hospital lvl5,"Amb, Stat",8899,6233.0,340.0,3,2,0,0,0,0,0,0,0,0
2020,ZH,Psychiatrische Universitäts-Klinik Zürich,Lenggstrasse 31,8032,Zürich,Psychiatric hospital lvl1,"Amb, Stat",151123,174089.0,0.0,0,0,0,0,0,0,0,0,0,0
2020,ZH,Clienia Schlössli AG,Schlösslistrasse 8,8618,Oetwil am See,Psychiatric hospital lvl1,"Amb, Stat",37873,80839.0,0.0,0,0,0,0,0,0,0,0,0,0
2020,ZH,Integrierte Psychiatrie Winterthur IPW,Wieshofstrasse 102,8408,Winterthur,Psychiatric hospital lvl1,"Amb, Stat",76787,74748.0,0.0,0,0,0,0,0,0,0,0,0,0
2020,ZH,Sanatorium Kilchberg,Alte Landstrasse 70,8802,Kilchberg ZH,Psychiatric hospital lvl1,"Amb, Stat",22804,62700.0,0.0,0,0,0,0,0,0,0,0,0,0
2020,ZH,Forel Klinik AG,Islikonerstrasse 5,8548,Ellikon an der Thur,Psychiatric hospital lvl2,"Amb, Stat",5826,32697.0,0.0,0,0,0,0,0,0,0,0,0,0
2020,ZH,Privatklinik Hohenegg AG,Hohenegg 1,8706,Meilen,Psychiatric hospital lvl2,"Amb, Stat",7391,23044.0,0.0,0,0,0,0,0,0,0,0,0,0
2020,ZH,Suchtfachklinik Zürich,Emil-Klöti-Strasse 14-18,8037,Zürich,Psychiatric hospital lvl2,"Amb, Stat",1399,7863.0,0.0,0,0,0,0,0,0,0,0,0,0
2020,ZH,Modellstation SOMOSA,Zum Park 20,8404,Winterthur,Psychiatric hospital lvl2,"Amb, Stat",97,3753.0,0.0,0,0,0,0,0,0,0,0,0,0
2020,ZH,Zürcher RehaZentren,Faltigbergstrasse 7,8636,Wald ZH,Rehabilitation clinic,"Amb, Stat",1626,81819.0,0.0,0,0,0,0,0,0,0,0,0,0
2020,ZH,RehaClinic Zollikerberg,Trichtenhauserstrasse 20,8125,Zollikerberg,Rehabilitation clinic,"Amb, Stat",4933,10692.0,0.0,0,0,0,0,0,0,0,0,0,0
2020,ZH,RehaClinic Kilchberg,Grütstrasse 60,8802,Kilchberg ZH,Rehabilitation clinic,"Amb, Stat",3057,10163.0,0.0,0,0,0,0,0,0,0,0,0,0
2020,ZH,RehaClinic Limmattal,Urdorferstrasse 100,8952,Schlieren,Rehabilitation clinic,"Amb, Stat",45,4934.0,0.0,0,0,0,0,0,0,0,0,0,0
2020,ZH,Universitätsklinik Balgrist,Forchstrasse 340,8008,Zürich,clinic: Surgery,"Amb, Stat",91561,39277.0,0.0,7,0,1,1,0,0,0,0,0,0
2020,ZH,Schulthess Klinik,Lengghalde 2,8008,Zürich,clinic: Surgery,"Amb, Stat",114152,30841.0,0.0,10,0,0,0,0,0,0,0,0,0
2020,ZH,Privatklinik Lindberg - GSMN Schweiz AG,Schickstrasse 11,8400,Winterthur,clinic: Surgery,"Amb, Stat",2205,5492.0,0.0,4,0,0,0,0,0,0,0,0,1
2020,ZH,Uroviva Klinik AG,Zürichstrasse 5,8180,Bülach,clinic: Surgery,"Amb, Stat",1230,4128.0,0.0,2,0,0,0,0,0,0,0,0,0
2020,ZH,Klinik Pyramide am See AG,Bellerivestrasse 34,8008,Zürich,clinic: Surgery,"Amb, Stat",63,3914.0,0.0,5,0,0,0,0,0,0,0,0,0
2020,ZH,Limmatklinik AG,Hardturmstrasse 133,8005,Zürich,clinic: Surgery,"Amb, Stat",1681,3136.0,0.0,4,0,0,0,0,0,0,0,0,0
2020,ZH,Adus Medica AG,Breitestrasse 11,8157,Dielsdorf,clinic: Surgery,"Amb, Stat",3634,1600.0,0.0,3,0,0,0,0,0,0,0,0,0
2020,ZH,Klinik Tiefenbrunnen AG,Dammstrasse 29,8702,Zollikon,clinic: Surgery,"Amb, Stat",820,146.0,0.0,1,0,0,0,0,0,0,0,0,0
2020,ZH,Eulachklinik AG,Brunngasse 6,8400,Winterthur,clinic: Surgery,"Amb, Stat",2010,0.0,0.0,2,0,0,0,0,0,0,0,0,0
2020,ZH,Geburtshaus Zürcher Oberland AG,Schürlistrasse 3,8344,Bäretswil,clinic: Gynecology / Neonatology,"Amb, Stat",2964,2769.0,362.0,0,2,0,0,0,0,0,0,0,0
2020,ZH,Geburtshaus Delphys,Badenerstrasse 177,8003,Zürich,clinic: Gynecology / Neonatology,"Amb, Stat",1746,1611.0,240.0,0,2,0,0,0,0,0,0,0,0
2020,ZH,Universitäts-Kinderspital Zürich - Das Spital der Eleonorenstiftung,Steinwiesstrasse 75,8032,Zürich,clinic: Pediatrics,"Amb, Stat",103181,55973.0,93.0,5,0,1,1,0,0,0,0,1,1
2020,ZH,Klinik Lengg AG,Bleulerstrasse 60,8008,Zürich,clinic: Miscellaneous,"Amb, Stat",32143,20475.0,0.0,0,0,0,0,0,0,0,0,0,0
2020,ZH,Klinik Susenberg,Schreberweg 9,8044,Zürich,clinic: Miscellaneous,"Amb, Stat",1223,8150.0,0.0,0,0,0,0,0,0,0,0,0,0
2020,ZH,Sune-Egge,Konradstrasse 62,8005,Zürich,clinic: Miscellaneous,"Amb, Stat",18893,6178.0,0.0,0,0,0,0,0,0,0,0,0,0
2020,0,Ganze Schweiz,0,0,0,0,0,19765787,11092640.0,77445.0,1026,354,0,0,0,0,0,0,0,0
